{"timestamp":"2026-08-07T13:31:41.160016Z","level":"info","event":"Filling up the DagBag from /opt/airflow/dags/2_second_versioning.py","logger":"airflow.dag_processing.dagbag.BundleDagBag","filename":"dagbag.py","lineno":460}
{"timestamp":"2026-08-07T13:32:11.466748Z","level":"info","event":"Filling up the DagBag from /opt/airflow/dags/2_second_versioning.py","logger":"airflow.dag_processing.dagbag.BundleDagBag","filename":"dagbag.py","lineno":460}
{"timestamp":"2026-08-07T13:32:42.374939Z","level":"info","event":"Filling up the DagBag from /opt/airflow/dags/2_second_versioning.py","logger":"airflow.dag_processing.dagbag.BundleDagBag","filename":"dagbag.py","lineno":460}
{"timestamp":"2026-08-07T13:33:13.397251Z","level":"info","event":"Filling up the DagBag from /opt/airflow/dags/2_second_versioning.py","logger":"airflow.dag_processing.dagbag.BundleDagBag","filename":"dagbag.py","lineno":460}
{"timestamp":"2026-08-07T13:33:44.260817Z","level":"info","event":"Filling up the DagBag from /opt/airflow/dags/2_second_versioning.py","logger":"airflow.dag_processing.dagbag.BundleDagBag","filename":"dagbag.py","lineno":460}
{"timestamp":"2026-08-07T13:34:15.212644Z","level":"info","event":"Filling up the DagBag from /opt/airflow/dags/2_second_versioning.py","logger":"airflow.dag_processing.dagbag.BundleDagBag","filename":"dagbag.py","lineno":460}
{"timestamp":"2026-08-07T13:34:46.045250Z","level":"info","event":"Filling up the DagBag from /opt/airflow/dags/2_second_versioning.py","logger":"airflow.dag_processing.dagbag.BundleDagBag","filename":"dagbag.py","lineno":460}
{"timestamp":"2026-08-07T13:35:16.807601Z","level":"info","event":"Filling up the DagBag from /opt/airflow/dags/2_second_versioning.py","logger":"airflow.dag_processing.dagbag.BundleDagBag","filename":"dagbag.py","lineno":460}
{"timestamp":"2026-08-07T13:35:47.409075Z","level":"info","event":"Filling up the DagBag from /opt/airflow/dags/2_second_versioning.py","logger":"airflow.dag_processing.dagbag.BundleDagBag","filename":"dagbag.py","lineno":460}
{"timestamp":"2026-08-07T13:36:18.495915Z","level":"info","event":"Filling up the DagBag from /opt/airflow/dags/2_second_versioning.py","logger":"airflow.dag_processing.dagbag.BundleDagBag","filename":"dagbag.py","lineno":460}
{"timestamp":"2026-08-07T13:36:21.836466Z","level":"info","event":"Filling up the DagBag from /opt/airflow/dags/2_second_versioning.py","logger":"airflow.dag_processing.dagbag.BundleDagBag","filename":"dagbag.py","lineno":460}
{"timestamp":"2026-08-07T13:36:21.873429Z","level":"error","event":"Failed to import: /opt/airflow/dags/2_second_versioning.py","logger":"airflow.dag_processing.importers.python_importer","filename":"python_importer.py","lineno":244,"error_detail":[{"exc_type":"IndentationError","exc_value":"unexpected unindent (2_second_versioning.py, line 23)","exc_notes":[],"syntax_error":{"offset":4,"filename":"/opt/airflow/dags/2_second_versioning.py","line":"    def third_task():\n","lineno":23,"msg":"unexpected unindent"},"is_cause":false,"frames":[{"filename":"/home/airflow/.local/lib/python3.13/site-packages/airflow/dag_processing/importers/python_importer.py","lineno":238,"name":"parse"},{"filename":"<frozen importlib._bootstrap_external>","lineno":1019,"name":"exec_module"},{"filename":"<frozen importlib._bootstrap_external>","lineno":1157,"name":"get_code"},{"filename":"<frozen importlib._bootstrap_external>","lineno":1087,"name":"source_to_code"},{"filename":"<frozen importlib._bootstrap>","lineno":488,"name":"_call_with_frames_removed"}],"is_group":false,"exceptions":[]}]}
{"timestamp":"2026-08-07T13:36:21.905814Z","level":"error","event":"Error loading DAG from 2_second_versioning.py: unexpected unindent (2_second_versioning.py, line 23)","logger":"airflow.dag_processing.dagbag.BundleDagBag","filename":"dagbag.py","lineno":319}
{"timestamp":"2026-08-07T13:36:23.097242Z","level":"info","event":"Filling up the DagBag from /opt/airflow/dags/2_second_versioning.py","logger":"airflow.dag_processing.dagbag.BundleDagBag","filename":"dagbag.py","lineno":460}
{"timestamp":"2026-08-07T13:36:31.580978Z","level":"info","event":"Filling up the DagBag from /opt/airflow/dags/2_second_versioning.py","logger":"airflow.dag_processing.dagbag.BundleDagBag","filename":"dagbag.py","lineno":460}
{"timestamp":"2026-08-07T13:36:36.959049Z","level":"info","event":"Filling up the DagBag from /opt/airflow/dags/2_second_versioning.py","logger":"airflow.dag_processing.dagbag.BundleDagBag","filename":"dagbag.py","lineno":460}
{"timestamp":"2026-08-07T13:36:46.389245Z","level":"info","event":"Filling up the DagBag from /opt/airflow/dags/2_second_versioning.py","logger":"airflow.dag_processing.dagbag.BundleDagBag","filename":"dagbag.py","lineno":460}
{"timestamp":"2026-08-07T13:36:48.783127Z","level":"info","event":"Filling up the DagBag from /opt/airflow/dags/2_second_versioning.py","logger":"airflow.dag_processing.dagbag.BundleDagBag","filename":"dagbag.py","lineno":460}
{"timestamp":"2026-08-07T13:36:56.612002Z","level":"info","event":"Filling up the DagBag from /opt/airflow/dags/2_second_versioning.py","logger":"airflow.dag_processing.dagbag.BundleDagBag","filename":"dagbag.py","lineno":460}
{"timestamp":"2026-08-07T13:36:59.928102Z","level":"info","event":"Filling up the DagBag from /opt/airflow/dags/2_second_versioning.py","logger":"airflow.dag_processing.dagbag.BundleDagBag","filename":"dagbag.py","lineno":460}
{"timestamp":"2026-08-07T13:37:01.214828Z","level":"info","event":"Filling up the DagBag from /opt/airflow/dags/2_second_versioning.py","logger":"airflow.dag_processing.dagbag.BundleDagBag","filename":"dagbag.py","lineno":460}
{"timestamp":"2026-08-07T13:37:32.186512Z","level":"info","event":"Filling up the DagBag from /opt/airflow/dags/2_second_versioning.py","logger":"airflow.dag_processing.dagbag.BundleDagBag","filename":"dagbag.py","lineno":460}
{"timestamp":"2026-08-07T13:38:03.048139Z","level":"info","event":"Filling up the DagBag from /opt/airflow/dags/2_second_versioning.py","logger":"airflow.dag_processing.dagbag.BundleDagBag","filename":"dagbag.py","lineno":460}
{"timestamp":"2026-08-07T13:38:33.931957Z","level":"info","event":"Filling up the DagBag from /opt/airflow/dags/2_second_versioning.py","logger":"airflow.dag_processing.dagbag.BundleDagBag","filename":"dagbag.py","lineno":460}
{"timestamp":"2026-08-07T13:39:04.605628Z","level":"info","event":"Filling up the DagBag from /opt/airflow/dags/2_second_versioning.py","logger":"airflow.dag_processing.dagbag.BundleDagBag","filename":"dagbag.py","lineno":460}
{"timestamp":"2026-08-07T13:39:35.640336Z","level":"info","event":"Filling up the DagBag from /opt/airflow/dags/2_second_versioning.py","logger":"airflow.dag_processing.dagbag.BundleDagBag","filename":"dagbag.py","lineno":460}
{"timestamp":"2026-08-07T13:40:06.364909Z","level":"info","event":"Filling up the DagBag from /opt/airflow/dags/2_second_versioning.py","logger":"airflow.dag_processing.dagbag.BundleDagBag","filename":"dagbag.py","lineno":460}
{"timestamp":"2026-08-07T13:40:37.299036Z","level":"info","event":"Filling up the DagBag from /opt/airflow/dags/2_second_versioning.py","logger":"airflow.dag_processing.dagbag.BundleDagBag","filename":"dagbag.py","lineno":460}
{"timestamp":"2026-08-07T13:41:08.090870Z","level":"info","event":"Filling up the DagBag from /opt/airflow/dags/2_second_versioning.py","logger":"airflow.dag_processing.dagbag.BundleDagBag","filename":"dagbag.py","lineno":460}
{"timestamp":"2026-08-07T13:41:39.004700Z","level":"info","event":"Filling up the DagBag from /opt/airflow/dags/2_second_versioning.py","logger":"airflow.dag_processing.dagbag.BundleDagBag","filename":"dagbag.py","lineno":460}
{"timestamp":"2026-08-07T13:42:09.949019Z","level":"info","event":"Filling up the DagBag from /opt/airflow/dags/2_second_versioning.py","logger":"airflow.dag_processing.dagbag.BundleDagBag","filename":"dagbag.py","lineno":460}
{"timestamp":"2026-08-07T13:42:40.770019Z","level":"info","event":"Filling up the DagBag from /opt/airflow/dags/2_second_versioning.py","logger":"airflow.dag_processing.dagbag.BundleDagBag","filename":"dagbag.py","lineno":460}
{"timestamp":"2026-08-07T13:43:11.607404Z","level":"info","event":"Filling up the DagBag from /opt/airflow/dags/2_second_versioning.py","logger":"airflow.dag_processing.dagbag.BundleDagBag","filename":"dagbag.py","lineno":460}
{"timestamp":"2026-08-07T13:43:42.287850Z","level":"info","event":"Filling up the DagBag from /opt/airflow/dags/2_second_versioning.py","logger":"airflow.dag_processing.dagbag.BundleDagBag","filename":"dagbag.py","lineno":460}
{"timestamp":"2026-08-07T13:44:12.844163Z","level":"info","event":"Filling up the DagBag from /opt/airflow/dags/2_second_versioning.py","logger":"airflow.dag_processing.dagbag.BundleDagBag","filename":"dagbag.py","lineno":460}
{"timestamp":"2026-08-07T13:44:43.738149Z","level":"info","event":"Filling up the DagBag from /opt/airflow/dags/2_second_versioning.py","logger":"airflow.dag_processing.dagbag.BundleDagBag","filename":"dagbag.py","lineno":460}
{"timestamp":"2026-08-07T13:45:14.423718Z","level":"info","event":"Filling up the DagBag from /opt/airflow/dags/2_second_versioning.py","logger":"airflow.dag_processing.dagbag.BundleDagBag","filename":"dagbag.py","lineno":460}
{"timestamp":"2026-08-07T13:45:45.073057Z","level":"info","event":"Filling up the DagBag from /opt/airflow/dags/2_second_versioning.py","logger":"airflow.dag_processing.dagbag.BundleDagBag","filename":"dagbag.py","lineno":460}
{"timestamp":"2026-08-07T13:46:15.775189Z","level":"info","event":"Filling up the DagBag from /opt/airflow/dags/2_second_versioning.py","logger":"airflow.dag_processing.dagbag.BundleDagBag","filename":"dagbag.py","lineno":460}
{"timestamp":"2026-08-07T13:46:46.176681Z","level":"info","event":"Filling up the DagBag from /opt/airflow/dags/2_second_versioning.py","logger":"airflow.dag_processing.dagbag.BundleDagBag","filename":"dagbag.py","lineno":460}
{"timestamp":"2026-08-07T13:47:16.847380Z","level":"info","event":"Filling up the DagBag from /opt/airflow/dags/2_second_versioning.py","logger":"airflow.dag_processing.dagbag.BundleDagBag","filename":"dagbag.py","lineno":460}
{"timestamp":"2026-08-07T13:47:47.521266Z","level":"info","event":"Filling up the DagBag from /opt/airflow/dags/2_second_versioning.py","logger":"airflow.dag_processing.dagbag.BundleDagBag","filename":"dagbag.py","lineno":460}
{"timestamp":"2026-08-07T13:48:18.200280Z","level":"info","event":"Filling up the DagBag from /opt/airflow/dags/2_second_versioning.py","logger":"airflow.dag_processing.dagbag.BundleDagBag","filename":"dagbag.py","lineno":460}
{"timestamp":"2026-08-07T13:48:48.949071Z","level":"info","event":"Filling up the DagBag from /opt/airflow/dags/2_second_versioning.py","logger":"airflow.dag_processing.dagbag.BundleDagBag","filename":"dagbag.py","lineno":460}
{"timestamp":"2026-08-07T13:49:19.646773Z","level":"info","event":"Filling up the DagBag from /opt/airflow/dags/2_second_versioning.py","logger":"airflow.dag_processing.dagbag.BundleDagBag","filename":"dagbag.py","lineno":460}
{"timestamp":"2026-08-07T13:49:50.412809Z","level":"info","event":"Filling up the DagBag from /opt/airflow/dags/2_second_versioning.py","logger":"airflow.dag_processing.dagbag.BundleDagBag","filename":"dagbag.py","lineno":460}
{"timestamp":"2026-08-07T13:50:21.121100Z","level":"info","event":"Filling up the DagBag from /opt/airflow/dags/2_second_versioning.py","logger":"airflow.dag_processing.dagbag.BundleDagBag","filename":"dagbag.py","lineno":460}
{"timestamp":"2026-08-07T13:50:51.845466Z","level":"info","event":"Filling up the DagBag from /opt/airflow/dags/2_second_versioning.py","logger":"airflow.dag_processing.dagbag.BundleDagBag","filename":"dagbag.py","lineno":460}
{"timestamp":"2026-08-07T13:51:22.522182Z","level":"info","event":"Filling up the DagBag from /opt/airflow/dags/2_second_versioning.py","logger":"airflow.dag_processing.dagbag.BundleDagBag","filename":"dagbag.py","lineno":460}
{"timestamp":"2026-08-07T13:51:53.300585Z","level":"info","event":"Filling up the DagBag from /opt/airflow/dags/2_second_versioning.py","logger":"airflow.dag_processing.dagbag.BundleDagBag","filename":"dagbag.py","lineno":460}
{"timestamp":"2026-08-07T13:52:24.069425Z","level":"info","event":"Filling up the DagBag from /opt/airflow/dags/2_second_versioning.py","logger":"airflow.dag_processing.dagbag.BundleDagBag","filename":"dagbag.py","lineno":460}
{"timestamp":"2026-08-07T13:52:54.784881Z","level":"info","event":"Filling up the DagBag from /opt/airflow/dags/2_second_versioning.py","logger":"airflow.dag_processing.dagbag.BundleDagBag","filename":"dagbag.py","lineno":460}
{"timestamp":"2026-08-07T13:53:25.493349Z","level":"info","event":"Filling up the DagBag from /opt/airflow/dags/2_second_versioning.py","logger":"airflow.dag_processing.dagbag.BundleDagBag","filename":"dagbag.py","lineno":460}
{"timestamp":"2026-08-07T13:53:56.178040Z","level":"info","event":"Filling up the DagBag from /opt/airflow/dags/2_second_versioning.py","logger":"airflow.dag_processing.dagbag.BundleDagBag","filename":"dagbag.py","lineno":460}
{"timestamp":"2026-08-07T13:54:27.096702Z","level":"info","event":"Filling up the DagBag from /opt/airflow/dags/2_second_versioning.py","logger":"airflow.dag_processing.dagbag.BundleDagBag","filename":"dagbag.py","lineno":460}
{"timestamp":"2026-08-07T13:54:32.885756Z","level":"info","event":"Filling up the DagBag from /opt/airflow/dags/2_second_versioning.py","logger":"airflow.dag_processing.dagbag.BundleDagBag","filename":"dagbag.py","lineno":460}
{"timestamp":"2026-08-07T13:54:32.932934Z","level":"error","event":"Failed to import: /opt/airflow/dags/2_second_versioning.py","logger":"airflow.dag_processing.importers.python_importer","filename":"python_importer.py","lineno":244,"error_detail":[{"exc_type":"SyntaxError","exc_value":"invalid syntax (2_second_versioning.py, line 3)","exc_notes":[],"syntax_error":{"offset":9,"filename":"/opt/airflow/dags/2_second_versioning.py","line":"from air\n","lineno":3,"msg":"invalid syntax"},"is_cause":false,"frames":[{"filename":"/home/airflow/.local/lib/python3.13/site-packages/airflow/dag_processing/importers/python_importer.py","lineno":238,"name":"parse"},{"filename":"<frozen importlib._bootstrap_external>","lineno":1019,"name":"exec_module"},{"filename":"<frozen importlib._bootstrap_external>","lineno":1157,"name":"get_code"},{"filename":"<frozen importlib._bootstrap_external>","lineno":1087,"name":"source_to_code"},{"filename":"<frozen importlib._bootstrap>","lineno":488,"name":"_call_with_frames_removed"}],"is_group":false,"exceptions":[]}]}
{"timestamp":"2026-08-07T13:54:32.955696Z","level":"error","event":"Error loading DAG from 2_second_versioning.py: invalid syntax (2_second_versioning.py, line 3)","logger":"airflow.dag_processing.dagbag.BundleDagBag","filename":"dagbag.py","lineno":319}
{"timestamp":"2026-08-07T13:54:37.157559Z","level":"info","event":"Filling up the DagBag from /opt/airflow/dags/2_second_versioning.py","logger":"airflow.dag_processing.dagbag.BundleDagBag","filename":"dagbag.py","lineno":460}
{"timestamp":"2026-08-07T13:54:37.185944Z","level":"error","event":"Failed to import: /opt/airflow/dags/2_second_versioning.py","logger":"airflow.dag_processing.importers.python_importer","filename":"python_importer.py","lineno":244,"error_detail":[{"exc_type":"SyntaxError","exc_value":"invalid syntax (2_second_versioning.py, line 3)","exc_notes":[],"syntax_error":{"offset":11,"filename":"/opt/airflow/dags/2_second_versioning.py","line":"from airfl\n","lineno":3,"msg":"invalid syntax"},"is_cause":false,"frames":[{"filename":"/home/airflow/.local/lib/python3.13/site-packages/airflow/dag_processing/importers/python_importer.py","lineno":238,"name":"parse"},{"filename":"<frozen importlib._bootstrap_external>","lineno":1019,"name":"exec_module"},{"filename":"<frozen importlib._bootstrap_external>","lineno":1157,"name":"get_code"},{"filename":"<frozen importlib._bootstrap_external>","lineno":1087,"name":"source_to_code"},{"filename":"<frozen importlib._bootstrap>","lineno":488,"name":"_call_with_frames_removed"}],"is_group":false,"exceptions":[]}]}
{"timestamp":"2026-08-07T13:54:37.188709Z","level":"error","event":"Error loading DAG from 2_second_versioning.py: invalid syntax (2_second_versioning.py, line 3)","logger":"airflow.dag_processing.dagbag.BundleDagBag","filename":"dagbag.py","lineno":319}
{"timestamp":"2026-08-07T13:54:43.359857Z","level":"info","event":"Filling up the DagBag from /opt/airflow/dags/2_second_versioning.py","logger":"airflow.dag_processing.dagbag.BundleDagBag","filename":"dagbag.py","lineno":460}
{"timestamp":"2026-08-07T13:54:43.388710Z","level":"error","event":"Failed to import: /opt/airflow/dags/2_second_versioning.py","logger":"airflow.dag_processing.importers.python_importer","filename":"python_importer.py","lineno":244,"error_detail":[{"exc_type":"SyntaxError","exc_value":"invalid syntax (2_second_versioning.py, line 3)","exc_notes":[],"syntax_error":{"offset":14,"filename":"/opt/airflow/dags/2_second_versioning.py","line":"from airflow.\n","lineno":3,"msg":"invalid syntax"},"is_cause":false,"frames":[{"filename":"/home/airflow/.local/lib/python3.13/site-packages/airflow/dag_processing/importers/python_importer.py","lineno":238,"name":"parse"},{"filename":"<frozen importlib._bootstrap_external>","lineno":1019,"name":"exec_module"},{"filename":"<frozen importlib._bootstrap_external>","lineno":1157,"name":"get_code"},{"filename":"<frozen importlib._bootstrap_external>","lineno":1087,"name":"source_to_code"},{"filename":"<frozen importlib._bootstrap>","lineno":488,"name":"_call_with_frames_removed"}],"is_group":false,"exceptions":[]}]}
{"timestamp":"2026-08-07T13:54:43.392260Z","level":"error","event":"Error loading DAG from 2_second_versioning.py: invalid syntax (2_second_versioning.py, line 3)","logger":"airflow.dag_processing.dagbag.BundleDagBag","filename":"dagbag.py","lineno":319}
{"timestamp":"2026-08-07T13:54:48.560368Z","level":"info","event":"Filling up the DagBag from /opt/airflow/dags/2_second_versioning.py","logger":"airflow.dag_processing.dagbag.BundleDagBag","filename":"dagbag.py","lineno":460}
{"timestamp":"2026-08-07T13:54:48.581768Z","level":"error","event":"Failed to import: /opt/airflow/dags/2_second_versioning.py","logger":"airflow.dag_processing.importers.python_importer","filename":"python_importer.py","lineno":244,"error_detail":[{"exc_type":"SyntaxError","exc_value":"invalid syntax (2_second_versioning.py, line 3)","exc_notes":[],"syntax_error":{"offset":15,"filename":"/opt/airflow/dags/2_second_versioning.py","line":"from airflow.b\n","lineno":3,"msg":"invalid syntax"},"is_cause":false,"frames":[{"filename":"/home/airflow/.local/lib/python3.13/site-packages/airflow/dag_processing/importers/python_importer.py","lineno":238,"name":"parse"},{"filename":"<frozen importlib._bootstrap_external>","lineno":1019,"name":"exec_module"},{"filename":"<frozen importlib._bootstrap_external>","lineno":1157,"name":"get_code"},{"filename":"<frozen importlib._bootstrap_external>","lineno":1087,"name":"source_to_code"},{"filename":"<frozen importlib._bootstrap>","lineno":488,"name":"_call_with_frames_removed"}],"is_group":false,"exceptions":[]}]}
{"timestamp":"2026-08-07T13:54:48.583300Z","level":"error","event":"Error loading DAG from 2_second_versioning.py: invalid syntax (2_second_versioning.py, line 3)","logger":"airflow.dag_processing.dagbag.BundleDagBag","filename":"dagbag.py","lineno":319}
{"timestamp":"2026-08-07T13:54:54.790740Z","level":"info","event":"Filling up the DagBag from /opt/airflow/dags/2_second_versioning.py","logger":"airflow.dag_processing.dagbag.BundleDagBag","filename":"dagbag.py","lineno":460}
{"timestamp":"2026-08-07T13:55:25.629434Z","level":"info","event":"Filling up the DagBag from /opt/airflow/dags/2_second_versioning.py","logger":"airflow.dag_processing.dagbag.BundleDagBag","filename":"dagbag.py","lineno":460}
{"timestamp":"2026-08-07T13:55:56.356655Z","level":"info","event":"Filling up the DagBag from /opt/airflow/dags/2_second_versioning.py","logger":"airflow.dag_processing.dagbag.BundleDagBag","filename":"dagbag.py","lineno":460}
{"timestamp":"2026-08-07T13:56:27.148085Z","level":"info","event":"Filling up the DagBag from /opt/airflow/dags/2_second_versioning.py","logger":"airflow.dag_processing.dagbag.BundleDagBag","filename":"dagbag.py","lineno":460}
{"timestamp":"2026-08-07T13:56:57.341991Z","level":"info","event":"Filling up the DagBag from /opt/airflow/dags/2_second_versioning.py","logger":"airflow.dag_processing.dagbag.BundleDagBag","filename":"dagbag.py","lineno":460}
{"timestamp":"2026-08-07T13:57:28.183730Z","level":"info","event":"Filling up the DagBag from /opt/airflow/dags/2_second_versioning.py","logger":"airflow.dag_processing.dagbag.BundleDagBag","filename":"dagbag.py","lineno":460}
{"timestamp":"2026-08-07T13:57:59.021518Z","level":"info","event":"Filling up the DagBag from /opt/airflow/dags/2_second_versioning.py","logger":"airflow.dag_processing.dagbag.BundleDagBag","filename":"dagbag.py","lineno":460}
{"timestamp":"2026-08-07T13:58:30.505520Z","level":"info","event":"Filling up the DagBag from /opt/airflow/dags/2_second_versioning.py","logger":"airflow.dag_processing.dagbag.BundleDagBag","filename":"dagbag.py","lineno":460}
{"timestamp":"2026-08-07T13:59:00.840330Z","level":"info","event":"Filling up the DagBag from /opt/airflow/dags/2_second_versioning.py","logger":"airflow.dag_processing.dagbag.BundleDagBag","filename":"dagbag.py","lineno":460}
{"timestamp":"2026-08-07T13:59:31.056997Z","level":"info","event":"Filling up the DagBag from /opt/airflow/dags/2_second_versioning.py","logger":"airflow.dag_processing.dagbag.BundleDagBag","filename":"dagbag.py","lineno":460}
{"timestamp":"2026-08-07T14:00:01.902223Z","level":"info","event":"Filling up the DagBag from /opt/airflow/dags/2_second_versioning.py","logger":"airflow.dag_processing.dagbag.BundleDagBag","filename":"dagbag.py","lineno":460}
{"timestamp":"2026-08-07T14:00:32.444440Z","level":"info","event":"Filling up the DagBag from /opt/airflow/dags/2_second_versioning.py","logger":"airflow.dag_processing.dagbag.BundleDagBag","filename":"dagbag.py","lineno":460}
{"timestamp":"2026-08-07T14:01:03.053807Z","level":"info","event":"Filling up the DagBag from /opt/airflow/dags/2_second_versioning.py","logger":"airflow.dag_processing.dagbag.BundleDagBag","filename":"dagbag.py","lineno":460}
{"timestamp":"2026-08-07T14:01:33.618055Z","level":"info","event":"Filling up the DagBag from /opt/airflow/dags/2_second_versioning.py","logger":"airflow.dag_processing.dagbag.BundleDagBag","filename":"dagbag.py","lineno":460}
{"timestamp":"2026-08-07T14:02:03.881778Z","level":"info","event":"Filling up the DagBag from /opt/airflow/dags/2_second_versioning.py","logger":"airflow.dag_processing.dagbag.BundleDagBag","filename":"dagbag.py","lineno":460}
{"timestamp":"2026-08-07T14:02:34.780946Z","level":"info","event":"Filling up the DagBag from /opt/airflow/dags/2_second_versioning.py","logger":"airflow.dag_processing.dagbag.BundleDagBag","filename":"dagbag.py","lineno":460}
{"timestamp":"2026-08-07T14:03:05.647250Z","level":"info","event":"Filling up the DagBag from /opt/airflow/dags/2_second_versioning.py","logger":"airflow.dag_processing.dagbag.BundleDagBag","filename":"dagbag.py","lineno":460}
{"timestamp":"2026-08-07T14:03:36.529474Z","level":"info","event":"Filling up the DagBag from /opt/airflow/dags/2_second_versioning.py","logger":"airflow.dag_processing.dagbag.BundleDagBag","filename":"dagbag.py","lineno":460}
{"timestamp":"2026-08-07T14:04:07.340915Z","level":"info","event":"Filling up the DagBag from /opt/airflow/dags/2_second_versioning.py","logger":"airflow.dag_processing.dagbag.BundleDagBag","filename":"dagbag.py","lineno":460}
{"timestamp":"2026-08-07T14:04:38.106740Z","level":"info","event":"Filling up the DagBag from /opt/airflow/dags/2_second_versioning.py","logger":"airflow.dag_processing.dagbag.BundleDagBag","filename":"dagbag.py","lineno":460}
{"timestamp":"2026-08-07T14:05:08.544549Z","level":"info","event":"Filling up the DagBag from /opt/airflow/dags/2_second_versioning.py","logger":"airflow.dag_processing.dagbag.BundleDagBag","filename":"dagbag.py","lineno":460}
{"timestamp":"2026-08-07T14:05:39.651171Z","level":"info","event":"Filling up the DagBag from /opt/airflow/dags/2_second_versioning.py","logger":"airflow.dag_processing.dagbag.BundleDagBag","filename":"dagbag.py","lineno":460}
{"timestamp":"2026-08-07T14:06:10.621432Z","level":"info","event":"Filling up the DagBag from /opt/airflow/dags/2_second_versioning.py","logger":"airflow.dag_processing.dagbag.BundleDagBag","filename":"dagbag.py","lineno":460}
{"timestamp":"2026-08-07T14:06:41.353906Z","level":"info","event":"Filling up the DagBag from /opt/airflow/dags/2_second_versioning.py","logger":"airflow.dag_processing.dagbag.BundleDagBag","filename":"dagbag.py","lineno":460}
{"timestamp":"2026-08-07T14:07:12.211754Z","level":"info","event":"Filling up the DagBag from /opt/airflow/dags/2_second_versioning.py","logger":"airflow.dag_processing.dagbag.BundleDagBag","filename":"dagbag.py","lineno":460}
{"timestamp":"2026-08-07T14:07:43.281678Z","level":"info","event":"Filling up the DagBag from /opt/airflow/dags/2_second_versioning.py","logger":"airflow.dag_processing.dagbag.BundleDagBag","filename":"dagbag.py","lineno":460}
{"timestamp":"2026-08-07T14:08:14.263383Z","level":"info","event":"Filling up the DagBag from /opt/airflow/dags/2_second_versioning.py","logger":"airflow.dag_processing.dagbag.BundleDagBag","filename":"dagbag.py","lineno":460}
{"timestamp":"2026-08-07T14:08:45.095347Z","level":"info","event":"Filling up the DagBag from /opt/airflow/dags/2_second_versioning.py","logger":"airflow.dag_processing.dagbag.BundleDagBag","filename":"dagbag.py","lineno":460}
{"timestamp":"2026-08-07T14:09:16.026035Z","level":"info","event":"Filling up the DagBag from /opt/airflow/dags/2_second_versioning.py","logger":"airflow.dag_processing.dagbag.BundleDagBag","filename":"dagbag.py","lineno":460}
{"timestamp":"2026-08-07T14:09:46.901583Z","level":"info","event":"Filling up the DagBag from /opt/airflow/dags/2_second_versioning.py","logger":"airflow.dag_processing.dagbag.BundleDagBag","filename":"dagbag.py","lineno":460}
{"timestamp":"2026-08-07T14:10:17.806531Z","level":"info","event":"Filling up the DagBag from /opt/airflow/dags/2_second_versioning.py","logger":"airflow.dag_processing.dagbag.BundleDagBag","filename":"dagbag.py","lineno":460}
{"timestamp":"2026-08-07T14:10:48.625752Z","level":"info","event":"Filling up the DagBag from /opt/airflow/dags/2_second_versioning.py","logger":"airflow.dag_processing.dagbag.BundleDagBag","filename":"dagbag.py","lineno":460}
{"timestamp":"2026-08-07T14:11:19.459188Z","level":"info","event":"Filling up the DagBag from /opt/airflow/dags/2_second_versioning.py","logger":"airflow.dag_processing.dagbag.BundleDagBag","filename":"dagbag.py","lineno":460}
{"timestamp":"2026-08-07T14:11:49.923320Z","level":"info","event":"Filling up the DagBag from /opt/airflow/dags/2_second_versioning.py","logger":"airflow.dag_processing.dagbag.BundleDagBag","filename":"dagbag.py","lineno":460}
{"timestamp":"2026-08-07T14:12:20.903879Z","level":"info","event":"Filling up the DagBag from /opt/airflow/dags/2_second_versioning.py","logger":"airflow.dag_processing.dagbag.BundleDagBag","filename":"dagbag.py","lineno":460}
{"timestamp":"2026-08-07T14:12:51.710864Z","level":"info","event":"Filling up the DagBag from /opt/airflow/dags/2_second_versioning.py","logger":"airflow.dag_processing.dagbag.BundleDagBag","filename":"dagbag.py","lineno":460}
{"timestamp":"2026-08-07T14:13:22.575393Z","level":"info","event":"Filling up the DagBag from /opt/airflow/dags/2_second_versioning.py","logger":"airflow.dag_processing.dagbag.BundleDagBag","filename":"dagbag.py","lineno":460}
{"timestamp":"2026-08-07T14:13:53.127566Z","level":"info","event":"Filling up the DagBag from /opt/airflow/dags/2_second_versioning.py","logger":"airflow.dag_processing.dagbag.BundleDagBag","filename":"dagbag.py","lineno":460}
{"timestamp":"2026-08-07T14:14:24.203645Z","level":"info","event":"Filling up the DagBag from /opt/airflow/dags/2_second_versioning.py","logger":"airflow.dag_processing.dagbag.BundleDagBag","filename":"dagbag.py","lineno":460}
{"timestamp":"2026-08-07T14:14:55.131961Z","level":"info","event":"Filling up the DagBag from /opt/airflow/dags/2_second_versioning.py","logger":"airflow.dag_processing.dagbag.BundleDagBag","filename":"dagbag.py","lineno":460}
{"timestamp":"2026-08-07T14:15:26.214716Z","level":"info","event":"Filling up the DagBag from /opt/airflow/dags/2_second_versioning.py","logger":"airflow.dag_processing.dagbag.BundleDagBag","filename":"dagbag.py","lineno":460}
{"timestamp":"2026-08-07T14:15:57.068286Z","level":"info","event":"Filling up the DagBag from /opt/airflow/dags/2_second_versioning.py","logger":"airflow.dag_processing.dagbag.BundleDagBag","filename":"dagbag.py","lineno":460}
{"timestamp":"2026-08-07T14:16:27.941328Z","level":"info","event":"Filling up the DagBag from /opt/airflow/dags/2_second_versioning.py","logger":"airflow.dag_processing.dagbag.BundleDagBag","filename":"dagbag.py","lineno":460}
{"timestamp":"2026-08-07T14:16:58.832539Z","level":"info","event":"Filling up the DagBag from /opt/airflow/dags/2_second_versioning.py","logger":"airflow.dag_processing.dagbag.BundleDagBag","filename":"dagbag.py","lineno":460}
{"timestamp":"2026-08-07T14:17:29.686689Z","level":"info","event":"Filling up the DagBag from /opt/airflow/dags/2_second_versioning.py","logger":"airflow.dag_processing.dagbag.BundleDagBag","filename":"dagbag.py","lineno":460}
{"timestamp":"2026-08-07T14:18:00.491515Z","level":"info","event":"Filling up the DagBag from /opt/airflow/dags/2_second_versioning.py","logger":"airflow.dag_processing.dagbag.BundleDagBag","filename":"dagbag.py","lineno":460}
{"timestamp":"2026-08-07T14:18:31.320099Z","level":"info","event":"Filling up the DagBag from /opt/airflow/dags/2_second_versioning.py","logger":"airflow.dag_processing.dagbag.BundleDagBag","filename":"dagbag.py","lineno":460}
{"timestamp":"2026-08-07T14:19:01.798328Z","level":"info","event":"Filling up the DagBag from /opt/airflow/dags/2_second_versioning.py","logger":"airflow.dag_processing.dagbag.BundleDagBag","filename":"dagbag.py","lineno":460}
{"timestamp":"2026-08-07T14:19:32.550674Z","level":"info","event":"Filling up the DagBag from /opt/airflow/dags/2_second_versioning.py","logger":"airflow.dag_processing.dagbag.BundleDagBag","filename":"dagbag.py","lineno":460}
{"timestamp":"2026-08-07T14:20:03.308100Z","level":"info","event":"Filling up the DagBag from /opt/airflow/dags/2_second_versioning.py","logger":"airflow.dag_processing.dagbag.BundleDagBag","filename":"dagbag.py","lineno":460}
{"timestamp":"2026-08-07T14:20:34.138268Z","level":"info","event":"Filling up the DagBag from /opt/airflow/dags/2_second_versioning.py","logger":"airflow.dag_processing.dagbag.BundleDagBag","filename":"dagbag.py","lineno":460}
{"timestamp":"2026-08-07T14:21:04.929448Z","level":"info","event":"Filling up the DagBag from /opt/airflow/dags/2_second_versioning.py","logger":"airflow.dag_processing.dagbag.BundleDagBag","filename":"dagbag.py","lineno":460}
{"timestamp":"2026-08-07T14:21:35.723244Z","level":"info","event":"Filling up the DagBag from /opt/airflow/dags/2_second_versioning.py","logger":"airflow.dag_processing.dagbag.BundleDagBag","filename":"dagbag.py","lineno":460}
{"timestamp":"2026-08-07T14:22:06.530606Z","level":"info","event":"Filling up the DagBag from /opt/airflow/dags/2_second_versioning.py","logger":"airflow.dag_processing.dagbag.BundleDagBag","filename":"dagbag.py","lineno":460}
{"timestamp":"2026-08-07T14:22:37.058469Z","level":"info","event":"Filling up the DagBag from /opt/airflow/dags/2_second_versioning.py","logger":"airflow.dag_processing.dagbag.BundleDagBag","filename":"dagbag.py","lineno":460}
{"timestamp":"2026-08-07T14:23:07.925674Z","level":"info","event":"Filling up the DagBag from /opt/airflow/dags/2_second_versioning.py","logger":"airflow.dag_processing.dagbag.BundleDagBag","filename":"dagbag.py","lineno":460}
{"timestamp":"2026-08-07T14:23:38.738714Z","level":"info","event":"Filling up the DagBag from /opt/airflow/dags/2_second_versioning.py","logger":"airflow.dag_processing.dagbag.BundleDagBag","filename":"dagbag.py","lineno":460}
{"timestamp":"2026-08-07T14:24:09.598443Z","level":"info","event":"Filling up the DagBag from /opt/airflow/dags/2_second_versioning.py","logger":"airflow.dag_processing.dagbag.BundleDagBag","filename":"dagbag.py","lineno":460}
{"timestamp":"2026-08-07T14:24:40.439240Z","level":"info","event":"Filling up the DagBag from /opt/airflow/dags/2_second_versioning.py","logger":"airflow.dag_processing.dagbag.BundleDagBag","filename":"dagbag.py","lineno":460}
{"timestamp":"2026-08-07T14:25:11.269021Z","level":"info","event":"Filling up the DagBag from /opt/airflow/dags/2_second_versioning.py","logger":"airflow.dag_processing.dagbag.BundleDagBag","filename":"dagbag.py","lineno":460}
{"timestamp":"2026-08-07T14:25:42.100568Z","level":"info","event":"Filling up the DagBag from /opt/airflow/dags/2_second_versioning.py","logger":"airflow.dag_processing.dagbag.BundleDagBag","filename":"dagbag.py","lineno":460}
{"timestamp":"2026-08-07T14:26:12.962891Z","level":"info","event":"Filling up the DagBag from /opt/airflow/dags/2_second_versioning.py","logger":"airflow.dag_processing.dagbag.BundleDagBag","filename":"dagbag.py","lineno":460}
{"timestamp":"2026-08-07T14:26:43.822182Z","level":"info","event":"Filling up the DagBag from /opt/airflow/dags/2_second_versioning.py","logger":"airflow.dag_processing.dagbag.BundleDagBag","filename":"dagbag.py","lineno":460}
{"timestamp":"2026-08-07T14:27:14.614877Z","level":"info","event":"Filling up the DagBag from /opt/airflow/dags/2_second_versioning.py","logger":"airflow.dag_processing.dagbag.BundleDagBag","filename":"dagbag.py","lineno":460}
{"timestamp":"2026-08-07T14:27:45.416721Z","level":"info","event":"Filling up the DagBag from /opt/airflow/dags/2_second_versioning.py","logger":"airflow.dag_processing.dagbag.BundleDagBag","filename":"dagbag.py","lineno":460}
{"timestamp":"2026-08-07T14:28:16.219845Z","level":"info","event":"Filling up the DagBag from /opt/airflow/dags/2_second_versioning.py","logger":"airflow.dag_processing.dagbag.BundleDagBag","filename":"dagbag.py","lineno":460}
{"timestamp":"2026-08-07T14:28:47.063523Z","level":"info","event":"Filling up the DagBag from /opt/airflow/dags/2_second_versioning.py","logger":"airflow.dag_processing.dagbag.BundleDagBag","filename":"dagbag.py","lineno":460}
{"timestamp":"2026-08-07T14:29:17.803677Z","level":"info","event":"Filling up the DagBag from /opt/airflow/dags/2_second_versioning.py","logger":"airflow.dag_processing.dagbag.BundleDagBag","filename":"dagbag.py","lineno":460}
{"timestamp":"2026-08-07T14:29:48.553802Z","level":"info","event":"Filling up the DagBag from /opt/airflow/dags/2_second_versioning.py","logger":"airflow.dag_processing.dagbag.BundleDagBag","filename":"dagbag.py","lineno":460}
{"timestamp":"2026-08-07T14:30:19.338554Z","level":"info","event":"Filling up the DagBag from /opt/airflow/dags/2_second_versioning.py","logger":"airflow.dag_processing.dagbag.BundleDagBag","filename":"dagbag.py","lineno":460}
{"timestamp":"2026-08-07T14:30:50.103926Z","level":"info","event":"Filling up the DagBag from /opt/airflow/dags/2_second_versioning.py","logger":"airflow.dag_processing.dagbag.BundleDagBag","filename":"dagbag.py","lineno":460}
{"timestamp":"2026-08-07T14:31:20.912708Z","level":"info","event":"Filling up the DagBag from /opt/airflow/dags/2_second_versioning.py","logger":"airflow.dag_processing.dagbag.BundleDagBag","filename":"dagbag.py","lineno":460}
{"timestamp":"2026-08-07T14:31:51.753123Z","level":"info","event":"Filling up the DagBag from /opt/airflow/dags/2_second_versioning.py","logger":"airflow.dag_processing.dagbag.BundleDagBag","filename":"dagbag.py","lineno":460}
{"timestamp":"2026-08-07T14:32:22.591378Z","level":"info","event":"Filling up the DagBag from /opt/airflow/dags/2_second_versioning.py","logger":"airflow.dag_processing.dagbag.BundleDagBag","filename":"dagbag.py","lineno":460}
{"timestamp":"2026-08-07T14:32:53.433889Z","level":"info","event":"Filling up the DagBag from /opt/airflow/dags/2_second_versioning.py","logger":"airflow.dag_processing.dagbag.BundleDagBag","filename":"dagbag.py","lineno":460}
{"timestamp":"2026-08-07T14:33:24.229724Z","level":"info","event":"Filling up the DagBag from /opt/airflow/dags/2_second_versioning.py","logger":"airflow.dag_processing.dagbag.BundleDagBag","filename":"dagbag.py","lineno":460}
{"timestamp":"2026-08-07T14:33:54.977829Z","level":"info","event":"Filling up the DagBag from /opt/airflow/dags/2_second_versioning.py","logger":"airflow.dag_processing.dagbag.BundleDagBag","filename":"dagbag.py","lineno":460}
{"timestamp":"2026-08-07T14:34:25.894596Z","level":"info","event":"Filling up the DagBag from /opt/airflow/dags/2_second_versioning.py","logger":"airflow.dag_processing.dagbag.BundleDagBag","filename":"dagbag.py","lineno":460}
{"timestamp":"2026-08-07T14:34:56.664237Z","level":"info","event":"Filling up the DagBag from /opt/airflow/dags/2_second_versioning.py","logger":"airflow.dag_processing.dagbag.BundleDagBag","filename":"dagbag.py","lineno":460}
{"timestamp":"2026-08-07T14:35:27.423162Z","level":"info","event":"Filling up the DagBag from /opt/airflow/dags/2_second_versioning.py","logger":"airflow.dag_processing.dagbag.BundleDagBag","filename":"dagbag.py","lineno":460}
{"timestamp":"2026-08-07T14:35:58.284579Z","level":"info","event":"Filling up the DagBag from /opt/airflow/dags/2_second_versioning.py","logger":"airflow.dag_processing.dagbag.BundleDagBag","filename":"dagbag.py","lineno":460}
{"timestamp":"2026-08-07T14:36:28.600657Z","level":"info","event":"Filling up the DagBag from /opt/airflow/dags/2_second_versioning.py","logger":"airflow.dag_processing.dagbag.BundleDagBag","filename":"dagbag.py","lineno":460}
{"timestamp":"2026-08-07T14:36:59.423079Z","level":"info","event":"Filling up the DagBag from /opt/airflow/dags/2_second_versioning.py","logger":"airflow.dag_processing.dagbag.BundleDagBag","filename":"dagbag.py","lineno":460}
{"timestamp":"2026-08-07T14:37:30.276669Z","level":"info","event":"Filling up the DagBag from /opt/airflow/dags/2_second_versioning.py","logger":"airflow.dag_processing.dagbag.BundleDagBag","filename":"dagbag.py","lineno":460}
{"timestamp":"2026-08-07T14:38:01.136333Z","level":"info","event":"Filling up the DagBag from /opt/airflow/dags/2_second_versioning.py","logger":"airflow.dag_processing.dagbag.BundleDagBag","filename":"dagbag.py","lineno":460}
{"timestamp":"2026-08-07T14:38:32.129704Z","level":"info","event":"Filling up the DagBag from /opt/airflow/dags/2_second_versioning.py","logger":"airflow.dag_processing.dagbag.BundleDagBag","filename":"dagbag.py","lineno":460}
{"timestamp":"2026-08-07T14:39:02.906773Z","level":"info","event":"Filling up the DagBag from /opt/airflow/dags/2_second_versioning.py","logger":"airflow.dag_processing.dagbag.BundleDagBag","filename":"dagbag.py","lineno":460}
{"timestamp":"2026-08-07T14:39:33.694670Z","level":"info","event":"Filling up the DagBag from /opt/airflow/dags/2_second_versioning.py","logger":"airflow.dag_processing.dagbag.BundleDagBag","filename":"dagbag.py","lineno":460}
{"timestamp":"2026-08-07T14:40:04.523507Z","level":"info","event":"Filling up the DagBag from /opt/airflow/dags/2_second_versioning.py","logger":"airflow.dag_processing.dagbag.BundleDagBag","filename":"dagbag.py","lineno":460}
{"timestamp":"2026-08-07T14:40:35.419123Z","level":"info","event":"Filling up the DagBag from /opt/airflow/dags/2_second_versioning.py","logger":"airflow.dag_processing.dagbag.BundleDagBag","filename":"dagbag.py","lineno":460}
{"timestamp":"2026-08-07T14:41:06.357124Z","level":"info","event":"Filling up the DagBag from /opt/airflow/dags/2_second_versioning.py","logger":"airflow.dag_processing.dagbag.BundleDagBag","filename":"dagbag.py","lineno":460}
{"timestamp":"2026-08-07T14:41:37.242596Z","level":"info","event":"Filling up the DagBag from /opt/airflow/dags/2_second_versioning.py","logger":"airflow.dag_processing.dagbag.BundleDagBag","filename":"dagbag.py","lineno":460}
{"timestamp":"2026-08-07T14:42:08.097385Z","level":"info","event":"Filling up the DagBag from /opt/airflow/dags/2_second_versioning.py","logger":"airflow.dag_processing.dagbag.BundleDagBag","filename":"dagbag.py","lineno":460}
{"timestamp":"2026-08-07T14:42:38.953744Z","level":"info","event":"Filling up the DagBag from /opt/airflow/dags/2_second_versioning.py","logger":"airflow.dag_processing.dagbag.BundleDagBag","filename":"dagbag.py","lineno":460}
{"timestamp":"2026-08-07T14:43:09.801980Z","level":"info","event":"Filling up the DagBag from /opt/airflow/dags/2_second_versioning.py","logger":"airflow.dag_processing.dagbag.BundleDagBag","filename":"dagbag.py","lineno":460}
{"timestamp":"2026-08-07T14:43:40.664133Z","level":"info","event":"Filling up the DagBag from /opt/airflow/dags/2_second_versioning.py","logger":"airflow.dag_processing.dagbag.BundleDagBag","filename":"dagbag.py","lineno":460}
{"timestamp":"2026-08-07T14:44:11.547114Z","level":"info","event":"Filling up the DagBag from /opt/airflow/dags/2_second_versioning.py","logger":"airflow.dag_processing.dagbag.BundleDagBag","filename":"dagbag.py","lineno":460}
{"timestamp":"2026-08-07T14:44:42.431699Z","level":"info","event":"Filling up the DagBag from /opt/airflow/dags/2_second_versioning.py","logger":"airflow.dag_processing.dagbag.BundleDagBag","filename":"dagbag.py","lineno":460}
{"timestamp":"2026-08-07T14:45:13.250425Z","level":"info","event":"Filling up the DagBag from /opt/airflow/dags/2_second_versioning.py","logger":"airflow.dag_processing.dagbag.BundleDagBag","filename":"dagbag.py","lineno":460}
{"timestamp":"2026-08-07T14:45:44.014415Z","level":"info","event":"Filling up the DagBag from /opt/airflow/dags/2_second_versioning.py","logger":"airflow.dag_processing.dagbag.BundleDagBag","filename":"dagbag.py","lineno":460}
{"timestamp":"2026-08-07T14:46:14.815473Z","level":"info","event":"Filling up the DagBag from /opt/airflow/dags/2_second_versioning.py","logger":"airflow.dag_processing.dagbag.BundleDagBag","filename":"dagbag.py","lineno":460}
{"timestamp":"2026-08-07T14:46:45.618105Z","level":"info","event":"Filling up the DagBag from /opt/airflow/dags/2_second_versioning.py","logger":"airflow.dag_processing.dagbag.BundleDagBag","filename":"dagbag.py","lineno":460}
{"timestamp":"2026-08-07T14:47:16.524602Z","level":"info","event":"Filling up the DagBag from /opt/airflow/dags/2_second_versioning.py","logger":"airflow.dag_processing.dagbag.BundleDagBag","filename":"dagbag.py","lineno":460}
{"timestamp":"2026-08-07T14:47:47.293520Z","level":"info","event":"Filling up the DagBag from /opt/airflow/dags/2_second_versioning.py","logger":"airflow.dag_processing.dagbag.BundleDagBag","filename":"dagbag.py","lineno":460}
{"timestamp":"2026-08-07T14:48:18.080777Z","level":"info","event":"Filling up the DagBag from /opt/airflow/dags/2_second_versioning.py","logger":"airflow.dag_processing.dagbag.BundleDagBag","filename":"dagbag.py","lineno":460}
{"timestamp":"2026-08-07T14:48:48.855590Z","level":"info","event":"Filling up the DagBag from /opt/airflow/dags/2_second_versioning.py","logger":"airflow.dag_processing.dagbag.BundleDagBag","filename":"dagbag.py","lineno":460}
{"timestamp":"2026-08-07T14:49:19.676993Z","level":"info","event":"Filling up the DagBag from /opt/airflow/dags/2_second_versioning.py","logger":"airflow.dag_processing.dagbag.BundleDagBag","filename":"dagbag.py","lineno":460}
{"timestamp":"2026-08-07T14:49:50.503705Z","level":"info","event":"Filling up the DagBag from /opt/airflow/dags/2_second_versioning.py","logger":"airflow.dag_processing.dagbag.BundleDagBag","filename":"dagbag.py","lineno":460}
{"timestamp":"2026-08-07T14:50:21.328358Z","level":"info","event":"Filling up the DagBag from /opt/airflow/dags/2_second_versioning.py","logger":"airflow.dag_processing.dagbag.BundleDagBag","filename":"dagbag.py","lineno":460}
{"timestamp":"2026-08-07T14:50:51.977723Z","level":"info","event":"Filling up the DagBag from /opt/airflow/dags/2_second_versioning.py","logger":"airflow.dag_processing.dagbag.BundleDagBag","filename":"dagbag.py","lineno":460}
{"timestamp":"2026-08-07T14:51:22.857114Z","level":"info","event":"Filling up the DagBag from /opt/airflow/dags/2_second_versioning.py","logger":"airflow.dag_processing.dagbag.BundleDagBag","filename":"dagbag.py","lineno":460}
{"timestamp":"2026-08-07T14:51:53.701913Z","level":"info","event":"Filling up the DagBag from /opt/airflow/dags/2_second_versioning.py","logger":"airflow.dag_processing.dagbag.BundleDagBag","filename":"dagbag.py","lineno":460}
{"timestamp":"2026-08-07T14:52:24.624210Z","level":"info","event":"Filling up the DagBag from /opt/airflow/dags/2_second_versioning.py","logger":"airflow.dag_processing.dagbag.BundleDagBag","filename":"dagbag.py","lineno":460}
{"timestamp":"2026-08-07T14:52:55.496071Z","level":"info","event":"Filling up the DagBag from /opt/airflow/dags/2_second_versioning.py","logger":"airflow.dag_processing.dagbag.BundleDagBag","filename":"dagbag.py","lineno":460}
{"timestamp":"2026-08-07T14:53:26.294637Z","level":"info","event":"Filling up the DagBag from /opt/airflow/dags/2_second_versioning.py","logger":"airflow.dag_processing.dagbag.BundleDagBag","filename":"dagbag.py","lineno":460}
{"timestamp":"2026-08-07T14:53:57.076588Z","level":"info","event":"Filling up the DagBag from /opt/airflow/dags/2_second_versioning.py","logger":"airflow.dag_processing.dagbag.BundleDagBag","filename":"dagbag.py","lineno":460}
{"timestamp":"2026-08-07T14:54:27.948547Z","level":"info","event":"Filling up the DagBag from /opt/airflow/dags/2_second_versioning.py","logger":"airflow.dag_processing.dagbag.BundleDagBag","filename":"dagbag.py","lineno":460}
{"timestamp":"2026-08-07T14:54:58.741997Z","level":"info","event":"Filling up the DagBag from /opt/airflow/dags/2_second_versioning.py","logger":"airflow.dag_processing.dagbag.BundleDagBag","filename":"dagbag.py","lineno":460}
{"timestamp":"2026-08-07T14:55:29.586249Z","level":"info","event":"Filling up the DagBag from /opt/airflow/dags/2_second_versioning.py","logger":"airflow.dag_processing.dagbag.BundleDagBag","filename":"dagbag.py","lineno":460}
{"timestamp":"2026-08-07T14:56:00.418486Z","level":"info","event":"Filling up the DagBag from /opt/airflow/dags/2_second_versioning.py","logger":"airflow.dag_processing.dagbag.BundleDagBag","filename":"dagbag.py","lineno":460}
{"timestamp":"2026-08-07T14:56:31.231751Z","level":"info","event":"Filling up the DagBag from /opt/airflow/dags/2_second_versioning.py","logger":"airflow.dag_processing.dagbag.BundleDagBag","filename":"dagbag.py","lineno":460}
{"timestamp":"2026-08-07T14:57:02.003776Z","level":"info","event":"Filling up the DagBag from /opt/airflow/dags/2_second_versioning.py","logger":"airflow.dag_processing.dagbag.BundleDagBag","filename":"dagbag.py","lineno":460}
{"timestamp":"2026-08-07T14:57:32.863698Z","level":"info","event":"Filling up the DagBag from /opt/airflow/dags/2_second_versioning.py","logger":"airflow.dag_processing.dagbag.BundleDagBag","filename":"dagbag.py","lineno":460}
{"timestamp":"2026-08-07T14:58:03.740131Z","level":"info","event":"Filling up the DagBag from /opt/airflow/dags/2_second_versioning.py","logger":"airflow.dag_processing.dagbag.BundleDagBag","filename":"dagbag.py","lineno":460}
{"timestamp":"2026-08-07T14:58:34.529710Z","level":"info","event":"Filling up the DagBag from /opt/airflow/dags/2_second_versioning.py","logger":"airflow.dag_processing.dagbag.BundleDagBag","filename":"dagbag.py","lineno":460}
{"timestamp":"2026-08-07T14:59:05.403297Z","level":"info","event":"Filling up the DagBag from /opt/airflow/dags/2_second_versioning.py","logger":"airflow.dag_processing.dagbag.BundleDagBag","filename":"dagbag.py","lineno":460}
{"timestamp":"2026-08-07T14:59:36.266501Z","level":"info","event":"Filling up the DagBag from /opt/airflow/dags/2_second_versioning.py","logger":"airflow.dag_processing.dagbag.BundleDagBag","filename":"dagbag.py","lineno":460}
{"timestamp":"2026-08-07T15:00:07.147178Z","level":"info","event":"Filling up the DagBag from /opt/airflow/dags/2_second_versioning.py","logger":"airflow.dag_processing.dagbag.BundleDagBag","filename":"dagbag.py","lineno":460}
{"timestamp":"2026-08-07T15:00:37.938644Z","level":"info","event":"Filling up the DagBag from /opt/airflow/dags/2_second_versioning.py","logger":"airflow.dag_processing.dagbag.BundleDagBag","filename":"dagbag.py","lineno":460}
{"timestamp":"2026-08-07T15:01:08.126998Z","level":"info","event":"Filling up the DagBag from /opt/airflow/dags/2_second_versioning.py","logger":"airflow.dag_processing.dagbag.BundleDagBag","filename":"dagbag.py","lineno":460}
{"timestamp":"2026-08-07T15:01:39.034554Z","level":"info","event":"Filling up the DagBag from /opt/airflow/dags/2_second_versioning.py","logger":"airflow.dag_processing.dagbag.BundleDagBag","filename":"dagbag.py","lineno":460}
{"timestamp":"2026-08-07T15:02:09.966536Z","level":"info","event":"Filling up the DagBag from /opt/airflow/dags/2_second_versioning.py","logger":"airflow.dag_processing.dagbag.BundleDagBag","filename":"dagbag.py","lineno":460}
{"timestamp":"2026-08-07T15:02:40.873879Z","level":"info","event":"Filling up the DagBag from /opt/airflow/dags/2_second_versioning.py","logger":"airflow.dag_processing.dagbag.BundleDagBag","filename":"dagbag.py","lineno":460}
{"timestamp":"2026-08-07T15:03:11.734247Z","level":"info","event":"Filling up the DagBag from /opt/airflow/dags/2_second_versioning.py","logger":"airflow.dag_processing.dagbag.BundleDagBag","filename":"dagbag.py","lineno":460}
{"timestamp":"2026-08-07T15:03:42.548771Z","level":"info","event":"Filling up the DagBag from /opt/airflow/dags/2_second_versioning.py","logger":"airflow.dag_processing.dagbag.BundleDagBag","filename":"dagbag.py","lineno":460}
{"timestamp":"2026-08-07T15:04:13.446031Z","level":"info","event":"Filling up the DagBag from /opt/airflow/dags/2_second_versioning.py","logger":"airflow.dag_processing.dagbag.BundleDagBag","filename":"dagbag.py","lineno":460}
{"timestamp":"2026-08-07T15:04:44.154653Z","level":"info","event":"Filling up the DagBag from /opt/airflow/dags/2_second_versioning.py","logger":"airflow.dag_processing.dagbag.BundleDagBag","filename":"dagbag.py","lineno":460}
{"timestamp":"2026-08-07T15:05:14.344129Z","level":"info","event":"Filling up the DagBag from /opt/airflow/dags/2_second_versioning.py","logger":"airflow.dag_processing.dagbag.BundleDagBag","filename":"dagbag.py","lineno":460}
{"timestamp":"2026-08-07T15:05:45.413862Z","level":"info","event":"Filling up the DagBag from /opt/airflow/dags/2_second_versioning.py","logger":"airflow.dag_processing.dagbag.BundleDagBag","filename":"dagbag.py","lineno":460}
{"timestamp":"2026-08-07T15:06:15.650286Z","level":"info","event":"Filling up the DagBag from /opt/airflow/dags/2_second_versioning.py","logger":"airflow.dag_processing.dagbag.BundleDagBag","filename":"dagbag.py","lineno":460}
{"timestamp":"2026-08-07T15:06:46.583921Z","level":"info","event":"Filling up the DagBag from /opt/airflow/dags/2_second_versioning.py","logger":"airflow.dag_processing.dagbag.BundleDagBag","filename":"dagbag.py","lineno":460}
{"timestamp":"2026-08-07T15:07:17.485502Z","level":"info","event":"Filling up the DagBag from /opt/airflow/dags/2_second_versioning.py","logger":"airflow.dag_processing.dagbag.BundleDagBag","filename":"dagbag.py","lineno":460}
{"timestamp":"2026-08-07T15:07:48.373586Z","level":"info","event":"Filling up the DagBag from /opt/airflow/dags/2_second_versioning.py","logger":"airflow.dag_processing.dagbag.BundleDagBag","filename":"dagbag.py","lineno":460}
{"timestamp":"2026-08-07T15:08:19.365965Z","level":"info","event":"Filling up the DagBag from /opt/airflow/dags/2_second_versioning.py","logger":"airflow.dag_processing.dagbag.BundleDagBag","filename":"dagbag.py","lineno":460}
{"timestamp":"2026-08-07T15:08:50.299614Z","level":"info","event":"Filling up the DagBag from /opt/airflow/dags/2_second_versioning.py","logger":"airflow.dag_processing.dagbag.BundleDagBag","filename":"dagbag.py","lineno":460}
{"timestamp":"2026-08-07T15:09:20.672079Z","level":"info","event":"Filling up the DagBag from /opt/airflow/dags/2_second_versioning.py","logger":"airflow.dag_processing.dagbag.BundleDagBag","filename":"dagbag.py","lineno":460}
{"timestamp":"2026-08-07T15:09:51.749499Z","level":"info","event":"Filling up the DagBag from /opt/airflow/dags/2_second_versioning.py","logger":"airflow.dag_processing.dagbag.BundleDagBag","filename":"dagbag.py","lineno":460}
{"timestamp":"2026-08-07T15:10:22.716908Z","level":"info","event":"Filling up the DagBag from /opt/airflow/dags/2_second_versioning.py","logger":"airflow.dag_processing.dagbag.BundleDagBag","filename":"dagbag.py","lineno":460}
{"timestamp":"2026-08-07T15:10:53.019409Z","level":"info","event":"Filling up the DagBag from /opt/airflow/dags/2_second_versioning.py","logger":"airflow.dag_processing.dagbag.BundleDagBag","filename":"dagbag.py","lineno":460}
{"timestamp":"2026-08-07T15:11:23.354587Z","level":"info","event":"Filling up the DagBag from /opt/airflow/dags/2_second_versioning.py","logger":"airflow.dag_processing.dagbag.BundleDagBag","filename":"dagbag.py","lineno":460}
{"timestamp":"2026-08-07T15:11:54.505998Z","level":"info","event":"Filling up the DagBag from /opt/airflow/dags/2_second_versioning.py","logger":"airflow.dag_processing.dagbag.BundleDagBag","filename":"dagbag.py","lineno":460}
{"timestamp":"2026-08-07T15:12:25.557084Z","level":"info","event":"Filling up the DagBag from /opt/airflow/dags/2_second_versioning.py","logger":"airflow.dag_processing.dagbag.BundleDagBag","filename":"dagbag.py","lineno":460}
{"timestamp":"2026-08-07T15:12:55.796352Z","level":"info","event":"Filling up the DagBag from /opt/airflow/dags/2_second_versioning.py","logger":"airflow.dag_processing.dagbag.BundleDagBag","filename":"dagbag.py","lineno":460}
{"timestamp":"2026-08-07T15:13:26.805288Z","level":"info","event":"Filling up the DagBag from /opt/airflow/dags/2_second_versioning.py","logger":"airflow.dag_processing.dagbag.BundleDagBag","filename":"dagbag.py","lineno":460}
{"timestamp":"2026-08-07T15:13:57.783144Z","level":"info","event":"Filling up the DagBag from /opt/airflow/dags/2_second_versioning.py","logger":"airflow.dag_processing.dagbag.BundleDagBag","filename":"dagbag.py","lineno":460}
{"timestamp":"2026-08-07T15:14:28.751833Z","level":"info","event":"Filling up the DagBag from /opt/airflow/dags/2_second_versioning.py","logger":"airflow.dag_processing.dagbag.BundleDagBag","filename":"dagbag.py","lineno":460}
{"timestamp":"2026-08-07T15:14:59.786043Z","level":"info","event":"Filling up the DagBag from /opt/airflow/dags/2_second_versioning.py","logger":"airflow.dag_processing.dagbag.BundleDagBag","filename":"dagbag.py","lineno":460}
{"timestamp":"2026-08-07T15:15:30.729184Z","level":"info","event":"Filling up the DagBag from /opt/airflow/dags/2_second_versioning.py","logger":"airflow.dag_processing.dagbag.BundleDagBag","filename":"dagbag.py","lineno":460}
{"timestamp":"2026-08-07T15:16:01.677195Z","level":"info","event":"Filling up the DagBag from /opt/airflow/dags/2_second_versioning.py","logger":"airflow.dag_processing.dagbag.BundleDagBag","filename":"dagbag.py","lineno":460}
{"timestamp":"2026-08-07T15:16:32.564135Z","level":"info","event":"Filling up the DagBag from /opt/airflow/dags/2_second_versioning.py","logger":"airflow.dag_processing.dagbag.BundleDagBag","filename":"dagbag.py","lineno":460}
{"timestamp":"2026-08-07T15:17:03.450645Z","level":"info","event":"Filling up the DagBag from /opt/airflow/dags/2_second_versioning.py","logger":"airflow.dag_processing.dagbag.BundleDagBag","filename":"dagbag.py","lineno":460}
{"timestamp":"2026-08-07T15:17:34.403293Z","level":"info","event":"Filling up the DagBag from /opt/airflow/dags/2_second_versioning.py","logger":"airflow.dag_processing.dagbag.BundleDagBag","filename":"dagbag.py","lineno":460}
{"timestamp":"2026-08-07T15:18:04.800416Z","level":"info","event":"Filling up the DagBag from /opt/airflow/dags/2_second_versioning.py","logger":"airflow.dag_processing.dagbag.BundleDagBag","filename":"dagbag.py","lineno":460}
{"timestamp":"2026-08-07T15:18:35.733033Z","level":"info","event":"Filling up the DagBag from /opt/airflow/dags/2_second_versioning.py","logger":"airflow.dag_processing.dagbag.BundleDagBag","filename":"dagbag.py","lineno":460}
{"timestamp":"2026-08-07T15:19:05.902760Z","level":"info","event":"Filling up the DagBag from /opt/airflow/dags/2_second_versioning.py","logger":"airflow.dag_processing.dagbag.BundleDagBag","filename":"dagbag.py","lineno":460}
{"timestamp":"2026-08-07T15:19:36.074460Z","level":"info","event":"Filling up the DagBag from /opt/airflow/dags/2_second_versioning.py","logger":"airflow.dag_processing.dagbag.BundleDagBag","filename":"dagbag.py","lineno":460}
{"timestamp":"2026-08-07T15:20:07.099163Z","level":"info","event":"Filling up the DagBag from /opt/airflow/dags/2_second_versioning.py","logger":"airflow.dag_processing.dagbag.BundleDagBag","filename":"dagbag.py","lineno":460}
{"timestamp":"2026-08-07T15:20:38.043256Z","level":"info","event":"Filling up the DagBag from /opt/airflow/dags/2_second_versioning.py","logger":"airflow.dag_processing.dagbag.BundleDagBag","filename":"dagbag.py","lineno":460}
{"timestamp":"2026-08-07T15:21:09.070418Z","level":"info","event":"Filling up the DagBag from /opt/airflow/dags/2_second_versioning.py","logger":"airflow.dag_processing.dagbag.BundleDagBag","filename":"dagbag.py","lineno":460}
{"timestamp":"2026-08-07T15:21:40.110338Z","level":"info","event":"Filling up the DagBag from /opt/airflow/dags/2_second_versioning.py","logger":"airflow.dag_processing.dagbag.BundleDagBag","filename":"dagbag.py","lineno":460}
{"timestamp":"2026-08-07T15:22:11.024189Z","level":"info","event":"Filling up the DagBag from /opt/airflow/dags/2_second_versioning.py","logger":"airflow.dag_processing.dagbag.BundleDagBag","filename":"dagbag.py","lineno":460}
{"timestamp":"2026-08-07T15:22:41.980282Z","level":"info","event":"Filling up the DagBag from /opt/airflow/dags/2_second_versioning.py","logger":"airflow.dag_processing.dagbag.BundleDagBag","filename":"dagbag.py","lineno":460}
{"timestamp":"2026-08-07T15:23:12.994228Z","level":"info","event":"Filling up the DagBag from /opt/airflow/dags/2_second_versioning.py","logger":"airflow.dag_processing.dagbag.BundleDagBag","filename":"dagbag.py","lineno":460}
{"timestamp":"2026-08-07T15:23:43.970941Z","level":"info","event":"Filling up the DagBag from /opt/airflow/dags/2_second_versioning.py","logger":"airflow.dag_processing.dagbag.BundleDagBag","filename":"dagbag.py","lineno":460}
{"timestamp":"2026-08-07T15:24:15.180922Z","level":"info","event":"Filling up the DagBag from /opt/airflow/dags/2_second_versioning.py","logger":"airflow.dag_processing.dagbag.BundleDagBag","filename":"dagbag.py","lineno":460}
{"timestamp":"2026-08-07T15:24:46.108778Z","level":"info","event":"Filling up the DagBag from /opt/airflow/dags/2_second_versioning.py","logger":"airflow.dag_processing.dagbag.BundleDagBag","filename":"dagbag.py","lineno":460}
{"timestamp":"2026-08-07T15:25:17.016945Z","level":"info","event":"Filling up the DagBag from /opt/airflow/dags/2_second_versioning.py","logger":"airflow.dag_processing.dagbag.BundleDagBag","filename":"dagbag.py","lineno":460}
{"timestamp":"2026-08-07T15:25:47.989210Z","level":"info","event":"Filling up the DagBag from /opt/airflow/dags/2_second_versioning.py","logger":"airflow.dag_processing.dagbag.BundleDagBag","filename":"dagbag.py","lineno":460}
{"timestamp":"2026-08-07T15:26:18.224375Z","level":"info","event":"Filling up the DagBag from /opt/airflow/dags/2_second_versioning.py","logger":"airflow.dag_processing.dagbag.BundleDagBag","filename":"dagbag.py","lineno":460}
{"timestamp":"2026-08-07T15:26:49.136527Z","level":"info","event":"Filling up the DagBag from /opt/airflow/dags/2_second_versioning.py","logger":"airflow.dag_processing.dagbag.BundleDagBag","filename":"dagbag.py","lineno":460}
{"timestamp":"2026-08-07T15:27:19.374616Z","level":"info","event":"Filling up the DagBag from /opt/airflow/dags/2_second_versioning.py","logger":"airflow.dag_processing.dagbag.BundleDagBag","filename":"dagbag.py","lineno":460}
{"timestamp":"2026-08-07T15:27:49.704584Z","level":"info","event":"Filling up the DagBag from /opt/airflow/dags/2_second_versioning.py","logger":"airflow.dag_processing.dagbag.BundleDagBag","filename":"dagbag.py","lineno":460}
{"timestamp":"2026-08-07T15:28:19.935490Z","level":"info","event":"Filling up the DagBag from /opt/airflow/dags/2_second_versioning.py","logger":"airflow.dag_processing.dagbag.BundleDagBag","filename":"dagbag.py","lineno":460}
{"timestamp":"2026-08-07T15:28:51.017631Z","level":"info","event":"Filling up the DagBag from /opt/airflow/dags/2_second_versioning.py","logger":"airflow.dag_processing.dagbag.BundleDagBag","filename":"dagbag.py","lineno":460}
{"timestamp":"2026-08-07T15:29:21.184732Z","level":"info","event":"Filling up the DagBag from /opt/airflow/dags/2_second_versioning.py","logger":"airflow.dag_processing.dagbag.BundleDagBag","filename":"dagbag.py","lineno":460}
{"timestamp":"2026-08-07T15:29:51.355589Z","level":"info","event":"Filling up the DagBag from /opt/airflow/dags/2_second_versioning.py","logger":"airflow.dag_processing.dagbag.BundleDagBag","filename":"dagbag.py","lineno":460}
{"timestamp":"2026-08-07T15:30:21.629314Z","level":"info","event":"Filling up the DagBag from /opt/airflow/dags/2_second_versioning.py","logger":"airflow.dag_processing.dagbag.BundleDagBag","filename":"dagbag.py","lineno":460}
{"timestamp":"2026-08-07T15:30:52.537296Z","level":"info","event":"Filling up the DagBag from /opt/airflow/dags/2_second_versioning.py","logger":"airflow.dag_processing.dagbag.BundleDagBag","filename":"dagbag.py","lineno":460}
{"timestamp":"2026-08-07T15:31:23.531295Z","level":"info","event":"Filling up the DagBag from /opt/airflow/dags/2_second_versioning.py","logger":"airflow.dag_processing.dagbag.BundleDagBag","filename":"dagbag.py","lineno":460}
{"timestamp":"2026-08-07T15:31:54.382287Z","level":"info","event":"Filling up the DagBag from /opt/airflow/dags/2_second_versioning.py","logger":"airflow.dag_processing.dagbag.BundleDagBag","filename":"dagbag.py","lineno":460}
{"timestamp":"2026-08-07T15:32:25.357482Z","level":"info","event":"Filling up the DagBag from /opt/airflow/dags/2_second_versioning.py","logger":"airflow.dag_processing.dagbag.BundleDagBag","filename":"dagbag.py","lineno":460}
{"timestamp":"2026-08-07T15:32:56.314595Z","level":"info","event":"Filling up the DagBag from /opt/airflow/dags/2_second_versioning.py","logger":"airflow.dag_processing.dagbag.BundleDagBag","filename":"dagbag.py","lineno":460}
{"timestamp":"2026-08-07T15:33:27.392056Z","level":"info","event":"Filling up the DagBag from /opt/airflow/dags/2_second_versioning.py","logger":"airflow.dag_processing.dagbag.BundleDagBag","filename":"dagbag.py","lineno":460}
{"timestamp":"2026-08-07T15:33:58.251383Z","level":"info","event":"Filling up the DagBag from /opt/airflow/dags/2_second_versioning.py","logger":"airflow.dag_processing.dagbag.BundleDagBag","filename":"dagbag.py","lineno":460}
{"timestamp":"2026-08-07T15:34:29.171482Z","level":"info","event":"Filling up the DagBag from /opt/airflow/dags/2_second_versioning.py","logger":"airflow.dag_processing.dagbag.BundleDagBag","filename":"dagbag.py","lineno":460}
{"timestamp":"2026-08-07T15:35:00.149730Z","level":"info","event":"Filling up the DagBag from /opt/airflow/dags/2_second_versioning.py","logger":"airflow.dag_processing.dagbag.BundleDagBag","filename":"dagbag.py","lineno":460}
{"timestamp":"2026-08-07T15:35:31.101305Z","level":"info","event":"Filling up the DagBag from /opt/airflow/dags/2_second_versioning.py","logger":"airflow.dag_processing.dagbag.BundleDagBag","filename":"dagbag.py","lineno":460}
{"timestamp":"2026-08-07T15:36:01.326233Z","level":"info","event":"Filling up the DagBag from /opt/airflow/dags/2_second_versioning.py","logger":"airflow.dag_processing.dagbag.BundleDagBag","filename":"dagbag.py","lineno":460}
{"timestamp":"2026-08-07T15:36:31.500233Z","level":"info","event":"Filling up the DagBag from /opt/airflow/dags/2_second_versioning.py","logger":"airflow.dag_processing.dagbag.BundleDagBag","filename":"dagbag.py","lineno":460}
{"timestamp":"2026-08-07T15:37:02.481871Z","level":"info","event":"Filling up the DagBag from /opt/airflow/dags/2_second_versioning.py","logger":"airflow.dag_processing.dagbag.BundleDagBag","filename":"dagbag.py","lineno":460}
{"timestamp":"2026-08-07T15:37:33.370967Z","level":"info","event":"Filling up the DagBag from /opt/airflow/dags/2_second_versioning.py","logger":"airflow.dag_processing.dagbag.BundleDagBag","filename":"dagbag.py","lineno":460}
{"timestamp":"2026-08-07T15:38:03.894174Z","level":"info","event":"Filling up the DagBag from /opt/airflow/dags/2_second_versioning.py","logger":"airflow.dag_processing.dagbag.BundleDagBag","filename":"dagbag.py","lineno":460}
{"timestamp":"2026-08-07T15:38:34.781074Z","level":"info","event":"Filling up the DagBag from /opt/airflow/dags/2_second_versioning.py","logger":"airflow.dag_processing.dagbag.BundleDagBag","filename":"dagbag.py","lineno":460}
{"timestamp":"2026-08-07T15:39:05.681189Z","level":"info","event":"Filling up the DagBag from /opt/airflow/dags/2_second_versioning.py","logger":"airflow.dag_processing.dagbag.BundleDagBag","filename":"dagbag.py","lineno":460}
{"timestamp":"2026-08-07T15:39:36.559296Z","level":"info","event":"Filling up the DagBag from /opt/airflow/dags/2_second_versioning.py","logger":"airflow.dag_processing.dagbag.BundleDagBag","filename":"dagbag.py","lineno":460}
{"timestamp":"2026-08-07T15:40:07.416573Z","level":"info","event":"Filling up the DagBag from /opt/airflow/dags/2_second_versioning.py","logger":"airflow.dag_processing.dagbag.BundleDagBag","filename":"dagbag.py","lineno":460}
{"timestamp":"2026-08-07T15:40:38.236451Z","level":"info","event":"Filling up the DagBag from /opt/airflow/dags/2_second_versioning.py","logger":"airflow.dag_processing.dagbag.BundleDagBag","filename":"dagbag.py","lineno":460}
{"timestamp":"2026-08-07T15:41:09.107441Z","level":"info","event":"Filling up the DagBag from /opt/airflow/dags/2_second_versioning.py","logger":"airflow.dag_processing.dagbag.BundleDagBag","filename":"dagbag.py","lineno":460}
{"timestamp":"2026-08-07T15:41:40.029340Z","level":"info","event":"Filling up the DagBag from /opt/airflow/dags/2_second_versioning.py","logger":"airflow.dag_processing.dagbag.BundleDagBag","filename":"dagbag.py","lineno":460}
{"timestamp":"2026-08-07T15:42:10.915946Z","level":"info","event":"Filling up the DagBag from /opt/airflow/dags/2_second_versioning.py","logger":"airflow.dag_processing.dagbag.BundleDagBag","filename":"dagbag.py","lineno":460}
{"timestamp":"2026-08-07T15:42:41.914786Z","level":"info","event":"Filling up the DagBag from /opt/airflow/dags/2_second_versioning.py","logger":"airflow.dag_processing.dagbag.BundleDagBag","filename":"dagbag.py","lineno":460}
{"timestamp":"2026-08-07T15:43:12.074575Z","level":"info","event":"Filling up the DagBag from /opt/airflow/dags/2_second_versioning.py","logger":"airflow.dag_processing.dagbag.BundleDagBag","filename":"dagbag.py","lineno":460}
{"timestamp":"2026-08-07T15:43:42.228535Z","level":"info","event":"Filling up the DagBag from /opt/airflow/dags/2_second_versioning.py","logger":"airflow.dag_processing.dagbag.BundleDagBag","filename":"dagbag.py","lineno":460}
{"timestamp":"2026-08-07T15:44:13.279148Z","level":"info","event":"Filling up the DagBag from /opt/airflow/dags/2_second_versioning.py","logger":"airflow.dag_processing.dagbag.BundleDagBag","filename":"dagbag.py","lineno":460}
{"timestamp":"2026-08-07T15:44:44.225344Z","level":"info","event":"Filling up the DagBag from /opt/airflow/dags/2_second_versioning.py","logger":"airflow.dag_processing.dagbag.BundleDagBag","filename":"dagbag.py","lineno":460}
{"timestamp":"2026-08-07T15:45:15.166944Z","level":"info","event":"Filling up the DagBag from /opt/airflow/dags/2_second_versioning.py","logger":"airflow.dag_processing.dagbag.BundleDagBag","filename":"dagbag.py","lineno":460}
{"timestamp":"2026-08-07T15:45:46.203641Z","level":"info","event":"Filling up the DagBag from /opt/airflow/dags/2_second_versioning.py","logger":"airflow.dag_processing.dagbag.BundleDagBag","filename":"dagbag.py","lineno":460}
{"timestamp":"2026-08-07T15:46:17.193939Z","level":"info","event":"Filling up the DagBag from /opt/airflow/dags/2_second_versioning.py","logger":"airflow.dag_processing.dagbag.BundleDagBag","filename":"dagbag.py","lineno":460}
{"timestamp":"2026-08-07T15:46:48.020509Z","level":"info","event":"Filling up the DagBag from /opt/airflow/dags/2_second_versioning.py","logger":"airflow.dag_processing.dagbag.BundleDagBag","filename":"dagbag.py","lineno":460}
{"timestamp":"2026-08-07T15:47:18.424611Z","level":"info","event":"Filling up the DagBag from /opt/airflow/dags/2_second_versioning.py","logger":"airflow.dag_processing.dagbag.BundleDagBag","filename":"dagbag.py","lineno":460}
{"timestamp":"2026-08-07T15:47:48.677224Z","level":"info","event":"Filling up the DagBag from /opt/airflow/dags/2_second_versioning.py","logger":"airflow.dag_processing.dagbag.BundleDagBag","filename":"dagbag.py","lineno":460}
{"timestamp":"2026-08-07T15:48:19.803909Z","level":"info","event":"Filling up the DagBag from /opt/airflow/dags/2_second_versioning.py","logger":"airflow.dag_processing.dagbag.BundleDagBag","filename":"dagbag.py","lineno":460}
{"timestamp":"2026-08-07T15:48:50.047782Z","level":"info","event":"Filling up the DagBag from /opt/airflow/dags/2_second_versioning.py","logger":"airflow.dag_processing.dagbag.BundleDagBag","filename":"dagbag.py","lineno":460}
{"timestamp":"2026-08-07T15:49:20.309465Z","level":"info","event":"Filling up the DagBag from /opt/airflow/dags/2_second_versioning.py","logger":"airflow.dag_processing.dagbag.BundleDagBag","filename":"dagbag.py","lineno":460}
{"timestamp":"2026-08-07T15:49:51.376838Z","level":"info","event":"Filling up the DagBag from /opt/airflow/dags/2_second_versioning.py","logger":"airflow.dag_processing.dagbag.BundleDagBag","filename":"dagbag.py","lineno":460}
{"timestamp":"2026-08-07T15:50:21.885699Z","level":"info","event":"Filling up the DagBag from /opt/airflow/dags/2_second_versioning.py","logger":"airflow.dag_processing.dagbag.BundleDagBag","filename":"dagbag.py","lineno":460}
{"timestamp":"2026-08-07T15:50:52.250052Z","level":"info","event":"Filling up the DagBag from /opt/airflow/dags/2_second_versioning.py","logger":"airflow.dag_processing.dagbag.BundleDagBag","filename":"dagbag.py","lineno":460}
{"timestamp":"2026-08-07T15:51:22.537682Z","level":"info","event":"Filling up the DagBag from /opt/airflow/dags/2_second_versioning.py","logger":"airflow.dag_processing.dagbag.BundleDagBag","filename":"dagbag.py","lineno":460}
{"timestamp":"2026-08-07T15:51:52.801009Z","level":"info","event":"Filling up the DagBag from /opt/airflow/dags/2_second_versioning.py","logger":"airflow.dag_processing.dagbag.BundleDagBag","filename":"dagbag.py","lineno":460}
{"timestamp":"2026-08-07T15:52:23.901414Z","level":"info","event":"Filling up the DagBag from /opt/airflow/dags/2_second_versioning.py","logger":"airflow.dag_processing.dagbag.BundleDagBag","filename":"dagbag.py","lineno":460}
{"timestamp":"2026-08-07T15:52:54.512226Z","level":"info","event":"Filling up the DagBag from /opt/airflow/dags/2_second_versioning.py","logger":"airflow.dag_processing.dagbag.BundleDagBag","filename":"dagbag.py","lineno":460}
{"timestamp":"2026-08-07T15:53:25.338019Z","level":"info","event":"Filling up the DagBag from /opt/airflow/dags/2_second_versioning.py","logger":"airflow.dag_processing.dagbag.BundleDagBag","filename":"dagbag.py","lineno":460}
{"timestamp":"2026-08-07T15:53:56.449362Z","level":"info","event":"Filling up the DagBag from /opt/airflow/dags/2_second_versioning.py","logger":"airflow.dag_processing.dagbag.BundleDagBag","filename":"dagbag.py","lineno":460}
{"timestamp":"2026-08-07T15:54:27.566997Z","level":"info","event":"Filling up the DagBag from /opt/airflow/dags/2_second_versioning.py","logger":"airflow.dag_processing.dagbag.BundleDagBag","filename":"dagbag.py","lineno":460}
{"timestamp":"2026-08-07T15:54:58.028947Z","level":"info","event":"Filling up the DagBag from /opt/airflow/dags/2_second_versioning.py","logger":"airflow.dag_processing.dagbag.BundleDagBag","filename":"dagbag.py","lineno":460}
{"timestamp":"2026-08-07T15:55:28.241840Z","level":"info","event":"Filling up the DagBag from /opt/airflow/dags/2_second_versioning.py","logger":"airflow.dag_processing.dagbag.BundleDagBag","filename":"dagbag.py","lineno":460}
{"timestamp":"2026-08-07T15:55:58.551379Z","level":"info","event":"Filling up the DagBag from /opt/airflow/dags/2_second_versioning.py","logger":"airflow.dag_processing.dagbag.BundleDagBag","filename":"dagbag.py","lineno":460}
{"timestamp":"2026-08-07T15:56:29.065200Z","level":"info","event":"Filling up the DagBag from /opt/airflow/dags/2_second_versioning.py","logger":"airflow.dag_processing.dagbag.BundleDagBag","filename":"dagbag.py","lineno":460}
{"timestamp":"2026-08-07T15:56:59.271341Z","level":"info","event":"Filling up the DagBag from /opt/airflow/dags/2_second_versioning.py","logger":"airflow.dag_processing.dagbag.BundleDagBag","filename":"dagbag.py","lineno":460}
{"timestamp":"2026-08-07T15:57:29.513639Z","level":"info","event":"Filling up the DagBag from /opt/airflow/dags/2_second_versioning.py","logger":"airflow.dag_processing.dagbag.BundleDagBag","filename":"dagbag.py","lineno":460}
{"timestamp":"2026-08-07T15:57:59.989958Z","level":"info","event":"Filling up the DagBag from /opt/airflow/dags/2_second_versioning.py","logger":"airflow.dag_processing.dagbag.BundleDagBag","filename":"dagbag.py","lineno":460}
{"timestamp":"2026-08-07T15:58:30.454265Z","level":"info","event":"Filling up the DagBag from /opt/airflow/dags/2_second_versioning.py","logger":"airflow.dag_processing.dagbag.BundleDagBag","filename":"dagbag.py","lineno":460}
{"timestamp":"2026-08-07T15:59:00.686663Z","level":"info","event":"Filling up the DagBag from /opt/airflow/dags/2_second_versioning.py","logger":"airflow.dag_processing.dagbag.BundleDagBag","filename":"dagbag.py","lineno":460}
{"timestamp":"2026-08-07T15:59:31.106828Z","level":"info","event":"Filling up the DagBag from /opt/airflow/dags/2_second_versioning.py","logger":"airflow.dag_processing.dagbag.BundleDagBag","filename":"dagbag.py","lineno":460}
{"timestamp":"2026-08-07T16:00:01.822300Z","level":"info","event":"Filling up the DagBag from /opt/airflow/dags/2_second_versioning.py","logger":"airflow.dag_processing.dagbag.BundleDagBag","filename":"dagbag.py","lineno":460}
{"timestamp":"2026-08-07T16:00:32.033456Z","level":"info","event":"Filling up the DagBag from /opt/airflow/dags/2_second_versioning.py","logger":"airflow.dag_processing.dagbag.BundleDagBag","filename":"dagbag.py","lineno":460}
{"timestamp":"2026-08-07T16:01:03.115223Z","level":"info","event":"Filling up the DagBag from /opt/airflow/dags/2_second_versioning.py","logger":"airflow.dag_processing.dagbag.BundleDagBag","filename":"dagbag.py","lineno":460}
{"timestamp":"2026-08-07T16:01:33.867464Z","level":"info","event":"Filling up the DagBag from /opt/airflow/dags/2_second_versioning.py","logger":"airflow.dag_processing.dagbag.BundleDagBag","filename":"dagbag.py","lineno":460}
{"timestamp":"2026-08-07T16:02:04.546385Z","level":"info","event":"Filling up the DagBag from /opt/airflow/dags/2_second_versioning.py","logger":"airflow.dag_processing.dagbag.BundleDagBag","filename":"dagbag.py","lineno":460}
{"timestamp":"2026-08-07T16:02:34.782431Z","level":"info","event":"Filling up the DagBag from /opt/airflow/dags/2_second_versioning.py","logger":"airflow.dag_processing.dagbag.BundleDagBag","filename":"dagbag.py","lineno":460}
{"timestamp":"2026-08-07T16:03:05.083451Z","level":"info","event":"Filling up the DagBag from /opt/airflow/dags/2_second_versioning.py","logger":"airflow.dag_processing.dagbag.BundleDagBag","filename":"dagbag.py","lineno":460}
{"timestamp":"2026-08-07T16:03:36.012097Z","level":"info","event":"Filling up the DagBag from /opt/airflow/dags/2_second_versioning.py","logger":"airflow.dag_processing.dagbag.BundleDagBag","filename":"dagbag.py","lineno":460}
{"timestamp":"2026-08-07T16:04:06.870002Z","level":"info","event":"Filling up the DagBag from /opt/airflow/dags/2_second_versioning.py","logger":"airflow.dag_processing.dagbag.BundleDagBag","filename":"dagbag.py","lineno":460}
{"timestamp":"2026-08-07T16:04:37.254552Z","level":"info","event":"Filling up the DagBag from /opt/airflow/dags/2_second_versioning.py","logger":"airflow.dag_processing.dagbag.BundleDagBag","filename":"dagbag.py","lineno":460}
{"timestamp":"2026-08-07T16:05:08.437006Z","level":"info","event":"Filling up the DagBag from /opt/airflow/dags/2_second_versioning.py","logger":"airflow.dag_processing.dagbag.BundleDagBag","filename":"dagbag.py","lineno":460}
{"timestamp":"2026-08-07T16:05:38.678944Z","level":"info","event":"Filling up the DagBag from /opt/airflow/dags/2_second_versioning.py","logger":"airflow.dag_processing.dagbag.BundleDagBag","filename":"dagbag.py","lineno":460}
{"timestamp":"2026-08-07T16:06:08.941429Z","level":"info","event":"Filling up the DagBag from /opt/airflow/dags/2_second_versioning.py","logger":"airflow.dag_processing.dagbag.BundleDagBag","filename":"dagbag.py","lineno":460}
{"timestamp":"2026-08-07T16:06:39.297152Z","level":"info","event":"Filling up the DagBag from /opt/airflow/dags/2_second_versioning.py","logger":"airflow.dag_processing.dagbag.BundleDagBag","filename":"dagbag.py","lineno":460}
{"timestamp":"2026-08-07T16:07:09.591906Z","level":"info","event":"Filling up the DagBag from /opt/airflow/dags/2_second_versioning.py","logger":"airflow.dag_processing.dagbag.BundleDagBag","filename":"dagbag.py","lineno":460}
{"timestamp":"2026-08-07T16:07:39.748727Z","level":"info","event":"Filling up the DagBag from /opt/airflow/dags/2_second_versioning.py","logger":"airflow.dag_processing.dagbag.BundleDagBag","filename":"dagbag.py","lineno":460}
{"timestamp":"2026-08-07T16:08:10.215004Z","level":"info","event":"Filling up the DagBag from /opt/airflow/dags/2_second_versioning.py","logger":"airflow.dag_processing.dagbag.BundleDagBag","filename":"dagbag.py","lineno":460}
{"timestamp":"2026-08-07T16:08:40.569504Z","level":"info","event":"Filling up the DagBag from /opt/airflow/dags/2_second_versioning.py","logger":"airflow.dag_processing.dagbag.BundleDagBag","filename":"dagbag.py","lineno":460}
{"timestamp":"2026-08-07T16:09:11.457807Z","level":"info","event":"Filling up the DagBag from /opt/airflow/dags/2_second_versioning.py","logger":"airflow.dag_processing.dagbag.BundleDagBag","filename":"dagbag.py","lineno":460}
{"timestamp":"2026-08-07T16:09:41.970860Z","level":"info","event":"Filling up the DagBag from /opt/airflow/dags/2_second_versioning.py","logger":"airflow.dag_processing.dagbag.BundleDagBag","filename":"dagbag.py","lineno":460}
{"timestamp":"2026-08-07T16:10:12.170364Z","level":"info","event":"Filling up the DagBag from /opt/airflow/dags/2_second_versioning.py","logger":"airflow.dag_processing.dagbag.BundleDagBag","filename":"dagbag.py","lineno":460}
{"timestamp":"2026-08-07T16:10:42.418124Z","level":"info","event":"Filling up the DagBag from /opt/airflow/dags/2_second_versioning.py","logger":"airflow.dag_processing.dagbag.BundleDagBag","filename":"dagbag.py","lineno":460}
{"timestamp":"2026-08-07T16:11:12.649425Z","level":"info","event":"Filling up the DagBag from /opt/airflow/dags/2_second_versioning.py","logger":"airflow.dag_processing.dagbag.BundleDagBag","filename":"dagbag.py","lineno":460}
{"timestamp":"2026-08-07T16:11:42.885912Z","level":"info","event":"Filling up the DagBag from /opt/airflow/dags/2_second_versioning.py","logger":"airflow.dag_processing.dagbag.BundleDagBag","filename":"dagbag.py","lineno":460}
{"timestamp":"2026-08-07T16:12:13.087513Z","level":"info","event":"Filling up the DagBag from /opt/airflow/dags/2_second_versioning.py","logger":"airflow.dag_processing.dagbag.BundleDagBag","filename":"dagbag.py","lineno":460}
{"timestamp":"2026-08-07T16:12:43.277678Z","level":"info","event":"Filling up the DagBag from /opt/airflow/dags/2_second_versioning.py","logger":"airflow.dag_processing.dagbag.BundleDagBag","filename":"dagbag.py","lineno":460}
{"timestamp":"2026-08-07T16:13:13.529272Z","level":"info","event":"Filling up the DagBag from /opt/airflow/dags/2_second_versioning.py","logger":"airflow.dag_processing.dagbag.BundleDagBag","filename":"dagbag.py","lineno":460}
{"timestamp":"2026-08-07T16:13:43.744297Z","level":"info","event":"Filling up the DagBag from /opt/airflow/dags/2_second_versioning.py","logger":"airflow.dag_processing.dagbag.BundleDagBag","filename":"dagbag.py","lineno":460}
{"timestamp":"2026-08-07T16:14:13.953058Z","level":"info","event":"Filling up the DagBag from /opt/airflow/dags/2_second_versioning.py","logger":"airflow.dag_processing.dagbag.BundleDagBag","filename":"dagbag.py","lineno":460}
{"timestamp":"2026-08-07T16:14:44.141845Z","level":"info","event":"Filling up the DagBag from /opt/airflow/dags/2_second_versioning.py","logger":"airflow.dag_processing.dagbag.BundleDagBag","filename":"dagbag.py","lineno":460}
{"timestamp":"2026-08-07T16:15:14.361241Z","level":"info","event":"Filling up the DagBag from /opt/airflow/dags/2_second_versioning.py","logger":"airflow.dag_processing.dagbag.BundleDagBag","filename":"dagbag.py","lineno":460}
{"timestamp":"2026-08-07T16:15:44.520582Z","level":"info","event":"Filling up the DagBag from /opt/airflow/dags/2_second_versioning.py","logger":"airflow.dag_processing.dagbag.BundleDagBag","filename":"dagbag.py","lineno":460}
{"timestamp":"2026-08-07T16:16:14.877506Z","level":"info","event":"Filling up the DagBag from /opt/airflow/dags/2_second_versioning.py","logger":"airflow.dag_processing.dagbag.BundleDagBag","filename":"dagbag.py","lineno":460}
{"timestamp":"2026-08-07T16:16:45.121637Z","level":"info","event":"Filling up the DagBag from /opt/airflow/dags/2_second_versioning.py","logger":"airflow.dag_processing.dagbag.BundleDagBag","filename":"dagbag.py","lineno":460}
{"timestamp":"2026-08-07T16:17:15.350779Z","level":"info","event":"Filling up the DagBag from /opt/airflow/dags/2_second_versioning.py","logger":"airflow.dag_processing.dagbag.BundleDagBag","filename":"dagbag.py","lineno":460}
{"timestamp":"2026-08-07T16:17:45.543515Z","level":"info","event":"Filling up the DagBag from /opt/airflow/dags/2_second_versioning.py","logger":"airflow.dag_processing.dagbag.BundleDagBag","filename":"dagbag.py","lineno":460}
{"timestamp":"2026-08-07T16:18:15.957484Z","level":"info","event":"Filling up the DagBag from /opt/airflow/dags/2_second_versioning.py","logger":"airflow.dag_processing.dagbag.BundleDagBag","filename":"dagbag.py","lineno":460}
{"timestamp":"2026-08-07T16:18:46.251104Z","level":"info","event":"Filling up the DagBag from /opt/airflow/dags/2_second_versioning.py","logger":"airflow.dag_processing.dagbag.BundleDagBag","filename":"dagbag.py","lineno":460}
{"timestamp":"2026-08-07T16:19:16.437969Z","level":"info","event":"Filling up the DagBag from /opt/airflow/dags/2_second_versioning.py","logger":"airflow.dag_processing.dagbag.BundleDagBag","filename":"dagbag.py","lineno":460}
{"timestamp":"2026-08-07T16:19:46.604613Z","level":"info","event":"Filling up the DagBag from /opt/airflow/dags/2_second_versioning.py","logger":"airflow.dag_processing.dagbag.BundleDagBag","filename":"dagbag.py","lineno":460}
{"timestamp":"2026-08-07T16:20:16.871730Z","level":"info","event":"Filling up the DagBag from /opt/airflow/dags/2_second_versioning.py","logger":"airflow.dag_processing.dagbag.BundleDagBag","filename":"dagbag.py","lineno":460}
{"timestamp":"2026-08-07T16:20:47.034893Z","level":"info","event":"Filling up the DagBag from /opt/airflow/dags/2_second_versioning.py","logger":"airflow.dag_processing.dagbag.BundleDagBag","filename":"dagbag.py","lineno":460}
{"timestamp":"2026-08-07T16:21:17.266021Z","level":"info","event":"Filling up the DagBag from /opt/airflow/dags/2_second_versioning.py","logger":"airflow.dag_processing.dagbag.BundleDagBag","filename":"dagbag.py","lineno":460}
{"timestamp":"2026-08-07T16:21:47.483334Z","level":"info","event":"Filling up the DagBag from /opt/airflow/dags/2_second_versioning.py","logger":"airflow.dag_processing.dagbag.BundleDagBag","filename":"dagbag.py","lineno":460}
{"timestamp":"2026-08-07T16:22:17.731204Z","level":"info","event":"Filling up the DagBag from /opt/airflow/dags/2_second_versioning.py","logger":"airflow.dag_processing.dagbag.BundleDagBag","filename":"dagbag.py","lineno":460}
{"timestamp":"2026-08-07T16:22:47.939469Z","level":"info","event":"Filling up the DagBag from /opt/airflow/dags/2_second_versioning.py","logger":"airflow.dag_processing.dagbag.BundleDagBag","filename":"dagbag.py","lineno":460}
{"timestamp":"2026-08-07T16:23:18.256785Z","level":"info","event":"Filling up the DagBag from /opt/airflow/dags/2_second_versioning.py","logger":"airflow.dag_processing.dagbag.BundleDagBag","filename":"dagbag.py","lineno":460}
{"timestamp":"2026-08-07T16:23:48.544127Z","level":"info","event":"Filling up the DagBag from /opt/airflow/dags/2_second_versioning.py","logger":"airflow.dag_processing.dagbag.BundleDagBag","filename":"dagbag.py","lineno":460}
{"timestamp":"2026-08-07T16:24:18.734496Z","level":"info","event":"Filling up the DagBag from /opt/airflow/dags/2_second_versioning.py","logger":"airflow.dag_processing.dagbag.BundleDagBag","filename":"dagbag.py","lineno":460}
{"timestamp":"2026-08-07T16:24:49.018716Z","level":"info","event":"Filling up the DagBag from /opt/airflow/dags/2_second_versioning.py","logger":"airflow.dag_processing.dagbag.BundleDagBag","filename":"dagbag.py","lineno":460}
{"timestamp":"2026-08-07T16:25:19.252075Z","level":"info","event":"Filling up the DagBag from /opt/airflow/dags/2_second_versioning.py","logger":"airflow.dag_processing.dagbag.BundleDagBag","filename":"dagbag.py","lineno":460}
{"timestamp":"2026-08-07T16:25:49.596822Z","level":"info","event":"Filling up the DagBag from /opt/airflow/dags/2_second_versioning.py","logger":"airflow.dag_processing.dagbag.BundleDagBag","filename":"dagbag.py","lineno":460}
{"timestamp":"2026-08-07T16:26:19.857453Z","level":"info","event":"Filling up the DagBag from /opt/airflow/dags/2_second_versioning.py","logger":"airflow.dag_processing.dagbag.BundleDagBag","filename":"dagbag.py","lineno":460}
{"timestamp":"2026-08-07T16:26:50.999504Z","level":"info","event":"Filling up the DagBag from /opt/airflow/dags/2_second_versioning.py","logger":"airflow.dag_processing.dagbag.BundleDagBag","filename":"dagbag.py","lineno":460}
{"timestamp":"2026-08-07T16:27:21.207431Z","level":"info","event":"Filling up the DagBag from /opt/airflow/dags/2_second_versioning.py","logger":"airflow.dag_processing.dagbag.BundleDagBag","filename":"dagbag.py","lineno":460}
{"timestamp":"2026-08-07T16:27:51.437282Z","level":"info","event":"Filling up the DagBag from /opt/airflow/dags/2_second_versioning.py","logger":"airflow.dag_processing.dagbag.BundleDagBag","filename":"dagbag.py","lineno":460}
{"timestamp":"2026-08-07T16:28:21.690957Z","level":"info","event":"Filling up the DagBag from /opt/airflow/dags/2_second_versioning.py","logger":"airflow.dag_processing.dagbag.BundleDagBag","filename":"dagbag.py","lineno":460}
{"timestamp":"2026-08-07T16:28:52.039234Z","level":"info","event":"Filling up the DagBag from /opt/airflow/dags/2_second_versioning.py","logger":"airflow.dag_processing.dagbag.BundleDagBag","filename":"dagbag.py","lineno":460}
{"timestamp":"2026-08-07T16:29:22.673922Z","level":"info","event":"Filling up the DagBag from /opt/airflow/dags/2_second_versioning.py","logger":"airflow.dag_processing.dagbag.BundleDagBag","filename":"dagbag.py","lineno":460}
{"timestamp":"2026-08-07T16:29:52.907614Z","level":"info","event":"Filling up the DagBag from /opt/airflow/dags/2_second_versioning.py","logger":"airflow.dag_processing.dagbag.BundleDagBag","filename":"dagbag.py","lineno":460}
{"timestamp":"2026-08-07T16:30:23.330413Z","level":"info","event":"Filling up the DagBag from /opt/airflow/dags/2_second_versioning.py","logger":"airflow.dag_processing.dagbag.BundleDagBag","filename":"dagbag.py","lineno":460}
{"timestamp":"2026-08-07T16:30:53.734659Z","level":"info","event":"Filling up the DagBag from /opt/airflow/dags/2_second_versioning.py","logger":"airflow.dag_processing.dagbag.BundleDagBag","filename":"dagbag.py","lineno":460}
{"timestamp":"2026-08-07T16:31:23.929685Z","level":"info","event":"Filling up the DagBag from /opt/airflow/dags/2_second_versioning.py","logger":"airflow.dag_processing.dagbag.BundleDagBag","filename":"dagbag.py","lineno":460}
{"timestamp":"2026-08-07T16:31:54.133783Z","level":"info","event":"Filling up the DagBag from /opt/airflow/dags/2_second_versioning.py","logger":"airflow.dag_processing.dagbag.BundleDagBag","filename":"dagbag.py","lineno":460}
{"timestamp":"2026-08-07T16:32:24.331908Z","level":"info","event":"Filling up the DagBag from /opt/airflow/dags/2_second_versioning.py","logger":"airflow.dag_processing.dagbag.BundleDagBag","filename":"dagbag.py","lineno":460}
{"timestamp":"2026-08-07T16:32:54.625680Z","level":"info","event":"Filling up the DagBag from /opt/airflow/dags/2_second_versioning.py","logger":"airflow.dag_processing.dagbag.BundleDagBag","filename":"dagbag.py","lineno":460}
{"timestamp":"2026-08-07T16:33:24.864789Z","level":"info","event":"Filling up the DagBag from /opt/airflow/dags/2_second_versioning.py","logger":"airflow.dag_processing.dagbag.BundleDagBag","filename":"dagbag.py","lineno":460}
{"timestamp":"2026-08-07T16:33:55.151741Z","level":"info","event":"Filling up the DagBag from /opt/airflow/dags/2_second_versioning.py","logger":"airflow.dag_processing.dagbag.BundleDagBag","filename":"dagbag.py","lineno":460}
{"timestamp":"2026-08-07T16:34:25.740207Z","level":"info","event":"Filling up the DagBag from /opt/airflow/dags/2_second_versioning.py","logger":"airflow.dag_processing.dagbag.BundleDagBag","filename":"dagbag.py","lineno":460}
{"timestamp":"2026-08-07T16:34:56.184826Z","level":"info","event":"Filling up the DagBag from /opt/airflow/dags/2_second_versioning.py","logger":"airflow.dag_processing.dagbag.BundleDagBag","filename":"dagbag.py","lineno":460}
{"timestamp":"2026-08-07T16:35:26.734380Z","level":"info","event":"Filling up the DagBag from /opt/airflow/dags/2_second_versioning.py","logger":"airflow.dag_processing.dagbag.BundleDagBag","filename":"dagbag.py","lineno":460}
{"timestamp":"2026-08-07T16:35:57.160455Z","level":"info","event":"Filling up the DagBag from /opt/airflow/dags/2_second_versioning.py","logger":"airflow.dag_processing.dagbag.BundleDagBag","filename":"dagbag.py","lineno":460}
{"timestamp":"2026-08-07T16:36:27.539804Z","level":"info","event":"Filling up the DagBag from /opt/airflow/dags/2_second_versioning.py","logger":"airflow.dag_processing.dagbag.BundleDagBag","filename":"dagbag.py","lineno":460}
{"timestamp":"2026-08-07T16:36:57.739042Z","level":"info","event":"Filling up the DagBag from /opt/airflow/dags/2_second_versioning.py","logger":"airflow.dag_processing.dagbag.BundleDagBag","filename":"dagbag.py","lineno":460}
{"timestamp":"2026-08-07T16:37:28.025950Z","level":"info","event":"Filling up the DagBag from /opt/airflow/dags/2_second_versioning.py","logger":"airflow.dag_processing.dagbag.BundleDagBag","filename":"dagbag.py","lineno":460}
{"timestamp":"2026-08-07T16:37:58.327186Z","level":"info","event":"Filling up the DagBag from /opt/airflow/dags/2_second_versioning.py","logger":"airflow.dag_processing.dagbag.BundleDagBag","filename":"dagbag.py","lineno":460}
{"timestamp":"2026-08-07T16:38:28.557967Z","level":"info","event":"Filling up the DagBag from /opt/airflow/dags/2_second_versioning.py","logger":"airflow.dag_processing.dagbag.BundleDagBag","filename":"dagbag.py","lineno":460}
{"timestamp":"2026-08-07T16:38:58.829713Z","level":"info","event":"Filling up the DagBag from /opt/airflow/dags/2_second_versioning.py","logger":"airflow.dag_processing.dagbag.BundleDagBag","filename":"dagbag.py","lineno":460}
{"timestamp":"2026-08-07T16:39:29.069085Z","level":"info","event":"Filling up the DagBag from /opt/airflow/dags/2_second_versioning.py","logger":"airflow.dag_processing.dagbag.BundleDagBag","filename":"dagbag.py","lineno":460}
{"timestamp":"2026-08-07T16:39:59.284918Z","level":"info","event":"Filling up the DagBag from /opt/airflow/dags/2_second_versioning.py","logger":"airflow.dag_processing.dagbag.BundleDagBag","filename":"dagbag.py","lineno":460}
{"timestamp":"2026-08-07T16:40:29.559406Z","level":"info","event":"Filling up the DagBag from /opt/airflow/dags/2_second_versioning.py","logger":"airflow.dag_processing.dagbag.BundleDagBag","filename":"dagbag.py","lineno":460}
{"timestamp":"2026-08-07T16:40:59.746902Z","level":"info","event":"Filling up the DagBag from /opt/airflow/dags/2_second_versioning.py","logger":"airflow.dag_processing.dagbag.BundleDagBag","filename":"dagbag.py","lineno":460}
{"timestamp":"2026-08-07T16:41:30.290002Z","level":"info","event":"Filling up the DagBag from /opt/airflow/dags/2_second_versioning.py","logger":"airflow.dag_processing.dagbag.BundleDagBag","filename":"dagbag.py","lineno":460}
{"timestamp":"2026-08-07T16:42:00.536566Z","level":"info","event":"Filling up the DagBag from /opt/airflow/dags/2_second_versioning.py","logger":"airflow.dag_processing.dagbag.BundleDagBag","filename":"dagbag.py","lineno":460}
{"timestamp":"2026-08-07T16:42:30.752272Z","level":"info","event":"Filling up the DagBag from /opt/airflow/dags/2_second_versioning.py","logger":"airflow.dag_processing.dagbag.BundleDagBag","filename":"dagbag.py","lineno":460}
{"timestamp":"2026-08-07T16:43:01.124504Z","level":"info","event":"Filling up the DagBag from /opt/airflow/dags/2_second_versioning.py","logger":"airflow.dag_processing.dagbag.BundleDagBag","filename":"dagbag.py","lineno":460}
{"timestamp":"2026-08-07T16:43:31.484682Z","level":"info","event":"Filling up the DagBag from /opt/airflow/dags/2_second_versioning.py","logger":"airflow.dag_processing.dagbag.BundleDagBag","filename":"dagbag.py","lineno":460}
{"timestamp":"2026-08-07T16:44:01.776618Z","level":"info","event":"Filling up the DagBag from /opt/airflow/dags/2_second_versioning.py","logger":"airflow.dag_processing.dagbag.BundleDagBag","filename":"dagbag.py","lineno":460}
{"timestamp":"2026-08-07T16:44:32.170268Z","level":"info","event":"Filling up the DagBag from /opt/airflow/dags/2_second_versioning.py","logger":"airflow.dag_processing.dagbag.BundleDagBag","filename":"dagbag.py","lineno":460}
{"timestamp":"2026-08-07T16:45:02.740539Z","level":"info","event":"Filling up the DagBag from /opt/airflow/dags/2_second_versioning.py","logger":"airflow.dag_processing.dagbag.BundleDagBag","filename":"dagbag.py","lineno":460}
{"timestamp":"2026-08-07T16:45:33.354781Z","level":"info","event":"Filling up the DagBag from /opt/airflow/dags/2_second_versioning.py","logger":"airflow.dag_processing.dagbag.BundleDagBag","filename":"dagbag.py","lineno":460}
{"timestamp":"2026-08-07T16:46:04.144727Z","level":"info","event":"Filling up the DagBag from /opt/airflow/dags/2_second_versioning.py","logger":"airflow.dag_processing.dagbag.BundleDagBag","filename":"dagbag.py","lineno":460}
{"timestamp":"2026-08-07T16:46:34.699438Z","level":"info","event":"Filling up the DagBag from /opt/airflow/dags/2_second_versioning.py","logger":"airflow.dag_processing.dagbag.BundleDagBag","filename":"dagbag.py","lineno":460}
{"timestamp":"2026-08-07T16:47:05.245194Z","level":"info","event":"Filling up the DagBag from /opt/airflow/dags/2_second_versioning.py","logger":"airflow.dag_processing.dagbag.BundleDagBag","filename":"dagbag.py","lineno":460}
{"timestamp":"2026-08-07T16:47:35.959781Z","level":"info","event":"Filling up the DagBag from /opt/airflow/dags/2_second_versioning.py","logger":"airflow.dag_processing.dagbag.BundleDagBag","filename":"dagbag.py","lineno":460}
{"timestamp":"2026-08-07T16:48:06.326798Z","level":"info","event":"Filling up the DagBag from /opt/airflow/dags/2_second_versioning.py","logger":"airflow.dag_processing.dagbag.BundleDagBag","filename":"dagbag.py","lineno":460}
{"timestamp":"2026-08-07T16:48:36.807769Z","level":"info","event":"Filling up the DagBag from /opt/airflow/dags/2_second_versioning.py","logger":"airflow.dag_processing.dagbag.BundleDagBag","filename":"dagbag.py","lineno":460}
{"timestamp":"2026-08-07T16:49:07.900915Z","level":"info","event":"Filling up the DagBag from /opt/airflow/dags/2_second_versioning.py","logger":"airflow.dag_processing.dagbag.BundleDagBag","filename":"dagbag.py","lineno":460}
{"timestamp":"2026-08-07T16:49:38.400343Z","level":"info","event":"Filling up the DagBag from /opt/airflow/dags/2_second_versioning.py","logger":"airflow.dag_processing.dagbag.BundleDagBag","filename":"dagbag.py","lineno":460}
{"timestamp":"2026-08-07T16:50:08.884354Z","level":"info","event":"Filling up the DagBag from /opt/airflow/dags/2_second_versioning.py","logger":"airflow.dag_processing.dagbag.BundleDagBag","filename":"dagbag.py","lineno":460}
{"timestamp":"2026-08-07T16:50:39.473767Z","level":"info","event":"Filling up the DagBag from /opt/airflow/dags/2_second_versioning.py","logger":"airflow.dag_processing.dagbag.BundleDagBag","filename":"dagbag.py","lineno":460}
{"timestamp":"2026-08-07T16:51:10.460651Z","level":"info","event":"Filling up the DagBag from /opt/airflow/dags/2_second_versioning.py","logger":"airflow.dag_processing.dagbag.BundleDagBag","filename":"dagbag.py","lineno":460}
{"timestamp":"2026-08-07T16:51:40.829441Z","level":"info","event":"Filling up the DagBag from /opt/airflow/dags/2_second_versioning.py","logger":"airflow.dag_processing.dagbag.BundleDagBag","filename":"dagbag.py","lineno":460}
{"timestamp":"2026-08-07T16:52:11.128857Z","level":"info","event":"Filling up the DagBag from /opt/airflow/dags/2_second_versioning.py","logger":"airflow.dag_processing.dagbag.BundleDagBag","filename":"dagbag.py","lineno":460}
{"timestamp":"2026-08-07T16:52:41.873733Z","level":"info","event":"Filling up the DagBag from /opt/airflow/dags/2_second_versioning.py","logger":"airflow.dag_processing.dagbag.BundleDagBag","filename":"dagbag.py","lineno":460}
{"timestamp":"2026-08-07T16:53:12.353690Z","level":"info","event":"Filling up the DagBag from /opt/airflow/dags/2_second_versioning.py","logger":"airflow.dag_processing.dagbag.BundleDagBag","filename":"dagbag.py","lineno":460}
{"timestamp":"2026-08-07T16:53:42.694096Z","level":"info","event":"Filling up the DagBag from /opt/airflow/dags/2_second_versioning.py","logger":"airflow.dag_processing.dagbag.BundleDagBag","filename":"dagbag.py","lineno":460}
{"timestamp":"2026-08-07T16:54:12.927796Z","level":"info","event":"Filling up the DagBag from /opt/airflow/dags/2_second_versioning.py","logger":"airflow.dag_processing.dagbag.BundleDagBag","filename":"dagbag.py","lineno":460}
{"timestamp":"2026-08-07T16:54:43.294685Z","level":"info","event":"Filling up the DagBag from /opt/airflow/dags/2_second_versioning.py","logger":"airflow.dag_processing.dagbag.BundleDagBag","filename":"dagbag.py","lineno":460}
{"timestamp":"2026-08-07T16:55:13.765476Z","level":"info","event":"Filling up the DagBag from /opt/airflow/dags/2_second_versioning.py","logger":"airflow.dag_processing.dagbag.BundleDagBag","filename":"dagbag.py","lineno":460}
{"timestamp":"2026-08-07T16:55:44.626647Z","level":"info","event":"Filling up the DagBag from /opt/airflow/dags/2_second_versioning.py","logger":"airflow.dag_processing.dagbag.BundleDagBag","filename":"dagbag.py","lineno":460}
{"timestamp":"2026-08-07T16:56:15.597757Z","level":"info","event":"Filling up the DagBag from /opt/airflow/dags/2_second_versioning.py","logger":"airflow.dag_processing.dagbag.BundleDagBag","filename":"dagbag.py","lineno":460}
{"timestamp":"2026-08-07T16:56:46.367177Z","level":"info","event":"Filling up the DagBag from /opt/airflow/dags/2_second_versioning.py","logger":"airflow.dag_processing.dagbag.BundleDagBag","filename":"dagbag.py","lineno":460}
{"timestamp":"2026-08-07T16:57:17.241251Z","level":"info","event":"Filling up the DagBag from /opt/airflow/dags/2_second_versioning.py","logger":"airflow.dag_processing.dagbag.BundleDagBag","filename":"dagbag.py","lineno":460}
{"timestamp":"2026-08-07T16:57:48.124180Z","level":"info","event":"Filling up the DagBag from /opt/airflow/dags/2_second_versioning.py","logger":"airflow.dag_processing.dagbag.BundleDagBag","filename":"dagbag.py","lineno":460}
{"timestamp":"2026-08-07T16:58:18.957242Z","level":"info","event":"Filling up the DagBag from /opt/airflow/dags/2_second_versioning.py","logger":"airflow.dag_processing.dagbag.BundleDagBag","filename":"dagbag.py","lineno":460}
{"timestamp":"2026-08-07T16:58:49.930679Z","level":"info","event":"Filling up the DagBag from /opt/airflow/dags/2_second_versioning.py","logger":"airflow.dag_processing.dagbag.BundleDagBag","filename":"dagbag.py","lineno":460}
{"timestamp":"2026-08-07T16:59:20.764066Z","level":"info","event":"Filling up the DagBag from /opt/airflow/dags/2_second_versioning.py","logger":"airflow.dag_processing.dagbag.BundleDagBag","filename":"dagbag.py","lineno":460}
{"timestamp":"2026-08-07T16:59:51.011739Z","level":"info","event":"Filling up the DagBag from /opt/airflow/dags/2_second_versioning.py","logger":"airflow.dag_processing.dagbag.BundleDagBag","filename":"dagbag.py","lineno":460}
{"timestamp":"2026-08-07T17:00:21.255359Z","level":"info","event":"Filling up the DagBag from /opt/airflow/dags/2_second_versioning.py","logger":"airflow.dag_processing.dagbag.BundleDagBag","filename":"dagbag.py","lineno":460}
{"timestamp":"2026-08-07T17:00:52.083963Z","level":"info","event":"Filling up the DagBag from /opt/airflow/dags/2_second_versioning.py","logger":"airflow.dag_processing.dagbag.BundleDagBag","filename":"dagbag.py","lineno":460}
{"timestamp":"2026-08-07T17:01:22.820056Z","level":"info","event":"Filling up the DagBag from /opt/airflow/dags/2_second_versioning.py","logger":"airflow.dag_processing.dagbag.BundleDagBag","filename":"dagbag.py","lineno":460}
{"timestamp":"2026-08-07T17:01:53.234081Z","level":"info","event":"Filling up the DagBag from /opt/airflow/dags/2_second_versioning.py","logger":"airflow.dag_processing.dagbag.BundleDagBag","filename":"dagbag.py","lineno":460}
{"timestamp":"2026-08-07T17:02:24.091486Z","level":"info","event":"Filling up the DagBag from /opt/airflow/dags/2_second_versioning.py","logger":"airflow.dag_processing.dagbag.BundleDagBag","filename":"dagbag.py","lineno":460}
{"timestamp":"2026-08-07T17:02:54.586120Z","level":"info","event":"Filling up the DagBag from /opt/airflow/dags/2_second_versioning.py","logger":"airflow.dag_processing.dagbag.BundleDagBag","filename":"dagbag.py","lineno":460}
{"timestamp":"2026-08-07T17:03:25.708768Z","level":"info","event":"Filling up the DagBag from /opt/airflow/dags/2_second_versioning.py","logger":"airflow.dag_processing.dagbag.BundleDagBag","filename":"dagbag.py","lineno":460}
{"timestamp":"2026-08-07T17:03:56.289356Z","level":"info","event":"Filling up the DagBag from /opt/airflow/dags/2_second_versioning.py","logger":"airflow.dag_processing.dagbag.BundleDagBag","filename":"dagbag.py","lineno":460}
{"timestamp":"2026-08-07T17:04:27.040176Z","level":"info","event":"Filling up the DagBag from /opt/airflow/dags/2_second_versioning.py","logger":"airflow.dag_processing.dagbag.BundleDagBag","filename":"dagbag.py","lineno":460}
{"timestamp":"2026-08-07T17:04:57.815945Z","level":"info","event":"Filling up the DagBag from /opt/airflow/dags/2_second_versioning.py","logger":"airflow.dag_processing.dagbag.BundleDagBag","filename":"dagbag.py","lineno":460}
{"timestamp":"2026-08-07T17:05:23.981453Z","level":"info","event":"Filling up the DagBag from /opt/airflow/dags/2_second_versioning.py","logger":"airflow.dag_processing.dagbag.BundleDagBag","filename":"dagbag.py","lineno":460}
{"timestamp":"2026-08-07T17:05:27.830238Z","level":"info","event":"Filling up the DagBag from /opt/airflow/dags/2_second_versioning.py","logger":"airflow.dag_processing.dagbag.BundleDagBag","filename":"dagbag.py","lineno":460}
{"timestamp":"2026-08-07T17:05:29.085917Z","level":"info","event":"Filling up the DagBag from /opt/airflow/dags/2_second_versioning.py","logger":"airflow.dag_processing.dagbag.BundleDagBag","filename":"dagbag.py","lineno":460}
{"timestamp":"2026-08-07T17:05:59.585015Z","level":"info","event":"Filling up the DagBag from /opt/airflow/dags/2_second_versioning.py","logger":"airflow.dag_processing.dagbag.BundleDagBag","filename":"dagbag.py","lineno":460}
{"timestamp":"2026-08-07T17:06:30.038278Z","level":"info","event":"Filling up the DagBag from /opt/airflow/dags/2_second_versioning.py","logger":"airflow.dag_processing.dagbag.BundleDagBag","filename":"dagbag.py","lineno":460}
{"timestamp":"2026-08-07T17:07:00.591493Z","level":"info","event":"Filling up the DagBag from /opt/airflow/dags/2_second_versioning.py","logger":"airflow.dag_processing.dagbag.BundleDagBag","filename":"dagbag.py","lineno":460}
{"timestamp":"2026-08-07T17:07:31.159971Z","level":"info","event":"Filling up the DagBag from /opt/airflow/dags/2_second_versioning.py","logger":"airflow.dag_processing.dagbag.BundleDagBag","filename":"dagbag.py","lineno":460}
{"timestamp":"2026-08-07T17:08:01.676265Z","level":"info","event":"Filling up the DagBag from /opt/airflow/dags/2_second_versioning.py","logger":"airflow.dag_processing.dagbag.BundleDagBag","filename":"dagbag.py","lineno":460}
{"timestamp":"2026-08-07T17:08:32.070489Z","level":"info","event":"Filling up the DagBag from /opt/airflow/dags/2_second_versioning.py","logger":"airflow.dag_processing.dagbag.BundleDagBag","filename":"dagbag.py","lineno":460}
{"timestamp":"2026-08-07T17:09:02.411720Z","level":"info","event":"Filling up the DagBag from /opt/airflow/dags/2_second_versioning.py","logger":"airflow.dag_processing.dagbag.BundleDagBag","filename":"dagbag.py","lineno":460}
{"timestamp":"2026-08-07T17:09:33.080190Z","level":"info","event":"Filling up the DagBag from /opt/airflow/dags/2_second_versioning.py","logger":"airflow.dag_processing.dagbag.BundleDagBag","filename":"dagbag.py","lineno":460}
{"timestamp":"2026-08-07T17:10:03.693533Z","level":"info","event":"Filling up the DagBag from /opt/airflow/dags/2_second_versioning.py","logger":"airflow.dag_processing.dagbag.BundleDagBag","filename":"dagbag.py","lineno":460}
{"timestamp":"2026-08-07T17:10:34.603184Z","level":"info","event":"Filling up the DagBag from /opt/airflow/dags/2_second_versioning.py","logger":"airflow.dag_processing.dagbag.BundleDagBag","filename":"dagbag.py","lineno":460}
{"timestamp":"2026-08-07T17:11:05.489143Z","level":"info","event":"Filling up the DagBag from /opt/airflow/dags/2_second_versioning.py","logger":"airflow.dag_processing.dagbag.BundleDagBag","filename":"dagbag.py","lineno":460}
{"timestamp":"2026-08-07T17:11:35.878854Z","level":"info","event":"Filling up the DagBag from /opt/airflow/dags/2_second_versioning.py","logger":"airflow.dag_processing.dagbag.BundleDagBag","filename":"dagbag.py","lineno":460}
{"timestamp":"2026-08-07T17:12:06.231230Z","level":"info","event":"Filling up the DagBag from /opt/airflow/dags/2_second_versioning.py","logger":"airflow.dag_processing.dagbag.BundleDagBag","filename":"dagbag.py","lineno":460}
{"timestamp":"2026-08-07T17:12:36.958256Z","level":"info","event":"Filling up the DagBag from /opt/airflow/dags/2_second_versioning.py","logger":"airflow.dag_processing.dagbag.BundleDagBag","filename":"dagbag.py","lineno":460}
{"timestamp":"2026-08-07T17:13:07.460705Z","level":"info","event":"Filling up the DagBag from /opt/airflow/dags/2_second_versioning.py","logger":"airflow.dag_processing.dagbag.BundleDagBag","filename":"dagbag.py","lineno":460}
{"timestamp":"2026-08-07T17:13:37.917118Z","level":"info","event":"Filling up the DagBag from /opt/airflow/dags/2_second_versioning.py","logger":"airflow.dag_processing.dagbag.BundleDagBag","filename":"dagbag.py","lineno":460}
{"timestamp":"2026-08-07T17:14:08.546765Z","level":"info","event":"Filling up the DagBag from /opt/airflow/dags/2_second_versioning.py","logger":"airflow.dag_processing.dagbag.BundleDagBag","filename":"dagbag.py","lineno":460}
{"timestamp":"2026-08-07T17:14:38.985590Z","level":"info","event":"Filling up the DagBag from /opt/airflow/dags/2_second_versioning.py","logger":"airflow.dag_processing.dagbag.BundleDagBag","filename":"dagbag.py","lineno":460}
{"timestamp":"2026-08-07T17:15:09.402716Z","level":"info","event":"Filling up the DagBag from /opt/airflow/dags/2_second_versioning.py","logger":"airflow.dag_processing.dagbag.BundleDagBag","filename":"dagbag.py","lineno":460}
{"timestamp":"2026-08-07T17:15:39.809125Z","level":"info","event":"Filling up the DagBag from /opt/airflow/dags/2_second_versioning.py","logger":"airflow.dag_processing.dagbag.BundleDagBag","filename":"dagbag.py","lineno":460}
{"timestamp":"2026-08-07T17:16:10.229664Z","level":"info","event":"Filling up the DagBag from /opt/airflow/dags/2_second_versioning.py","logger":"airflow.dag_processing.dagbag.BundleDagBag","filename":"dagbag.py","lineno":460}
{"timestamp":"2026-08-07T17:16:40.564188Z","level":"info","event":"Filling up the DagBag from /opt/airflow/dags/2_second_versioning.py","logger":"airflow.dag_processing.dagbag.BundleDagBag","filename":"dagbag.py","lineno":460}
{"timestamp":"2026-08-07T17:17:10.954697Z","level":"info","event":"Filling up the DagBag from /opt/airflow/dags/2_second_versioning.py","logger":"airflow.dag_processing.dagbag.BundleDagBag","filename":"dagbag.py","lineno":460}
{"timestamp":"2026-08-07T17:17:41.312244Z","level":"info","event":"Filling up the DagBag from /opt/airflow/dags/2_second_versioning.py","logger":"airflow.dag_processing.dagbag.BundleDagBag","filename":"dagbag.py","lineno":460}
{"timestamp":"2026-08-07T17:18:11.709421Z","level":"info","event":"Filling up the DagBag from /opt/airflow/dags/2_second_versioning.py","logger":"airflow.dag_processing.dagbag.BundleDagBag","filename":"dagbag.py","lineno":460}
{"timestamp":"2026-08-07T17:18:41.994076Z","level":"info","event":"Filling up the DagBag from /opt/airflow/dags/2_second_versioning.py","logger":"airflow.dag_processing.dagbag.BundleDagBag","filename":"dagbag.py","lineno":460}
{"timestamp":"2026-08-07T17:19:12.365814Z","level":"info","event":"Filling up the DagBag from /opt/airflow/dags/2_second_versioning.py","logger":"airflow.dag_processing.dagbag.BundleDagBag","filename":"dagbag.py","lineno":460}
{"timestamp":"2026-08-07T17:19:42.766064Z","level":"info","event":"Filling up the DagBag from /opt/airflow/dags/2_second_versioning.py","logger":"airflow.dag_processing.dagbag.BundleDagBag","filename":"dagbag.py","lineno":460}
{"timestamp":"2026-08-07T17:20:13.141548Z","level":"info","event":"Filling up the DagBag from /opt/airflow/dags/2_second_versioning.py","logger":"airflow.dag_processing.dagbag.BundleDagBag","filename":"dagbag.py","lineno":460}
{"timestamp":"2026-08-07T17:20:43.613690Z","level":"info","event":"Filling up the DagBag from /opt/airflow/dags/2_second_versioning.py","logger":"airflow.dag_processing.dagbag.BundleDagBag","filename":"dagbag.py","lineno":460}
{"timestamp":"2026-08-07T17:21:13.998304Z","level":"info","event":"Filling up the DagBag from /opt/airflow/dags/2_second_versioning.py","logger":"airflow.dag_processing.dagbag.BundleDagBag","filename":"dagbag.py","lineno":460}
{"timestamp":"2026-08-07T17:21:44.328892Z","level":"info","event":"Filling up the DagBag from /opt/airflow/dags/2_second_versioning.py","logger":"airflow.dag_processing.dagbag.BundleDagBag","filename":"dagbag.py","lineno":460}
{"timestamp":"2026-08-07T17:22:14.826883Z","level":"info","event":"Filling up the DagBag from /opt/airflow/dags/2_second_versioning.py","logger":"airflow.dag_processing.dagbag.BundleDagBag","filename":"dagbag.py","lineno":460}
{"timestamp":"2026-08-07T17:22:45.263753Z","level":"info","event":"Filling up the DagBag from /opt/airflow/dags/2_second_versioning.py","logger":"airflow.dag_processing.dagbag.BundleDagBag","filename":"dagbag.py","lineno":460}
{"timestamp":"2026-08-07T17:23:15.635780Z","level":"info","event":"Filling up the DagBag from /opt/airflow/dags/2_second_versioning.py","logger":"airflow.dag_processing.dagbag.BundleDagBag","filename":"dagbag.py","lineno":460}
{"timestamp":"2026-08-07T17:23:46.041714Z","level":"info","event":"Filling up the DagBag from /opt/airflow/dags/2_second_versioning.py","logger":"airflow.dag_processing.dagbag.BundleDagBag","filename":"dagbag.py","lineno":460}
{"timestamp":"2026-08-07T17:24:16.286719Z","level":"info","event":"Filling up the DagBag from /opt/airflow/dags/2_second_versioning.py","logger":"airflow.dag_processing.dagbag.BundleDagBag","filename":"dagbag.py","lineno":460}
{"timestamp":"2026-08-07T17:24:46.537638Z","level":"info","event":"Filling up the DagBag from /opt/airflow/dags/2_second_versioning.py","logger":"airflow.dag_processing.dagbag.BundleDagBag","filename":"dagbag.py","lineno":460}
{"timestamp":"2026-08-07T17:25:16.780020Z","level":"info","event":"Filling up the DagBag from /opt/airflow/dags/2_second_versioning.py","logger":"airflow.dag_processing.dagbag.BundleDagBag","filename":"dagbag.py","lineno":460}
{"timestamp":"2026-08-07T17:25:47.137426Z","level":"info","event":"Filling up the DagBag from /opt/airflow/dags/2_second_versioning.py","logger":"airflow.dag_processing.dagbag.BundleDagBag","filename":"dagbag.py","lineno":460}
{"timestamp":"2026-08-07T17:26:17.391325Z","level":"info","event":"Filling up the DagBag from /opt/airflow/dags/2_second_versioning.py","logger":"airflow.dag_processing.dagbag.BundleDagBag","filename":"dagbag.py","lineno":460}
{"timestamp":"2026-08-07T17:26:47.719416Z","level":"info","event":"Filling up the DagBag from /opt/airflow/dags/2_second_versioning.py","logger":"airflow.dag_processing.dagbag.BundleDagBag","filename":"dagbag.py","lineno":460}
{"timestamp":"2026-08-07T17:27:18.138929Z","level":"info","event":"Filling up the DagBag from /opt/airflow/dags/2_second_versioning.py","logger":"airflow.dag_processing.dagbag.BundleDagBag","filename":"dagbag.py","lineno":460}
{"timestamp":"2026-08-07T17:27:48.446065Z","level":"info","event":"Filling up the DagBag from /opt/airflow/dags/2_second_versioning.py","logger":"airflow.dag_processing.dagbag.BundleDagBag","filename":"dagbag.py","lineno":460}
{"timestamp":"2026-08-07T17:28:18.701690Z","level":"info","event":"Filling up the DagBag from /opt/airflow/dags/2_second_versioning.py","logger":"airflow.dag_processing.dagbag.BundleDagBag","filename":"dagbag.py","lineno":460}
{"timestamp":"2026-08-07T17:28:48.945092Z","level":"info","event":"Filling up the DagBag from /opt/airflow/dags/2_second_versioning.py","logger":"airflow.dag_processing.dagbag.BundleDagBag","filename":"dagbag.py","lineno":460}
{"timestamp":"2026-08-07T17:29:19.207201Z","level":"info","event":"Filling up the DagBag from /opt/airflow/dags/2_second_versioning.py","logger":"airflow.dag_processing.dagbag.BundleDagBag","filename":"dagbag.py","lineno":460}
{"timestamp":"2026-08-07T17:29:49.451115Z","level":"info","event":"Filling up the DagBag from /opt/airflow/dags/2_second_versioning.py","logger":"airflow.dag_processing.dagbag.BundleDagBag","filename":"dagbag.py","lineno":460}
{"timestamp":"2026-08-07T17:30:19.683343Z","level":"info","event":"Filling up the DagBag from /opt/airflow/dags/2_second_versioning.py","logger":"airflow.dag_processing.dagbag.BundleDagBag","filename":"dagbag.py","lineno":460}
{"timestamp":"2026-08-07T17:30:49.863257Z","level":"info","event":"Filling up the DagBag from /opt/airflow/dags/2_second_versioning.py","logger":"airflow.dag_processing.dagbag.BundleDagBag","filename":"dagbag.py","lineno":460}
{"timestamp":"2026-08-07T17:31:20.193752Z","level":"info","event":"Filling up the DagBag from /opt/airflow/dags/2_second_versioning.py","logger":"airflow.dag_processing.dagbag.BundleDagBag","filename":"dagbag.py","lineno":460}
{"timestamp":"2026-08-07T17:31:50.771425Z","level":"info","event":"Filling up the DagBag from /opt/airflow/dags/2_second_versioning.py","logger":"airflow.dag_processing.dagbag.BundleDagBag","filename":"dagbag.py","lineno":460}
{"timestamp":"2026-08-07T17:32:21.643539Z","level":"info","event":"Filling up the DagBag from /opt/airflow/dags/2_second_versioning.py","logger":"airflow.dag_processing.dagbag.BundleDagBag","filename":"dagbag.py","lineno":460}
{"timestamp":"2026-08-07T17:32:52.466901Z","level":"info","event":"Filling up the DagBag from /opt/airflow/dags/2_second_versioning.py","logger":"airflow.dag_processing.dagbag.BundleDagBag","filename":"dagbag.py","lineno":460}
{"timestamp":"2026-08-07T17:33:23.102602Z","level":"info","event":"Filling up the DagBag from /opt/airflow/dags/2_second_versioning.py","logger":"airflow.dag_processing.dagbag.BundleDagBag","filename":"dagbag.py","lineno":460}
{"timestamp":"2026-08-07T17:33:53.795110Z","level":"info","event":"Filling up the DagBag from /opt/airflow/dags/2_second_versioning.py","logger":"airflow.dag_processing.dagbag.BundleDagBag","filename":"dagbag.py","lineno":460}
{"timestamp":"2026-08-07T17:34:24.654254Z","level":"info","event":"Filling up the DagBag from /opt/airflow/dags/2_second_versioning.py","logger":"airflow.dag_processing.dagbag.BundleDagBag","filename":"dagbag.py","lineno":460}
{"timestamp":"2026-08-07T17:34:55.594959Z","level":"info","event":"Filling up the DagBag from /opt/airflow/dags/2_second_versioning.py","logger":"airflow.dag_processing.dagbag.BundleDagBag","filename":"dagbag.py","lineno":460}
{"timestamp":"2026-08-07T17:35:26.348667Z","level":"info","event":"Filling up the DagBag from /opt/airflow/dags/2_second_versioning.py","logger":"airflow.dag_processing.dagbag.BundleDagBag","filename":"dagbag.py","lineno":460}
{"timestamp":"2026-08-07T17:35:56.737413Z","level":"info","event":"Filling up the DagBag from /opt/airflow/dags/2_second_versioning.py","logger":"airflow.dag_processing.dagbag.BundleDagBag","filename":"dagbag.py","lineno":460}
{"timestamp":"2026-08-07T17:36:27.542292Z","level":"info","event":"Filling up the DagBag from /opt/airflow/dags/2_second_versioning.py","logger":"airflow.dag_processing.dagbag.BundleDagBag","filename":"dagbag.py","lineno":460}
{"timestamp":"2026-08-07T17:36:58.172726Z","level":"info","event":"Filling up the DagBag from /opt/airflow/dags/2_second_versioning.py","logger":"airflow.dag_processing.dagbag.BundleDagBag","filename":"dagbag.py","lineno":460}
{"timestamp":"2026-08-07T17:37:28.777375Z","level":"info","event":"Filling up the DagBag from /opt/airflow/dags/2_second_versioning.py","logger":"airflow.dag_processing.dagbag.BundleDagBag","filename":"dagbag.py","lineno":460}
{"timestamp":"2026-08-07T17:37:59.550310Z","level":"info","event":"Filling up the DagBag from /opt/airflow/dags/2_second_versioning.py","logger":"airflow.dag_processing.dagbag.BundleDagBag","filename":"dagbag.py","lineno":460}
{"timestamp":"2026-08-07T17:38:30.366717Z","level":"info","event":"Filling up the DagBag from /opt/airflow/dags/2_second_versioning.py","logger":"airflow.dag_processing.dagbag.BundleDagBag","filename":"dagbag.py","lineno":460}
{"timestamp":"2026-08-07T17:39:01.070247Z","level":"info","event":"Filling up the DagBag from /opt/airflow/dags/2_second_versioning.py","logger":"airflow.dag_processing.dagbag.BundleDagBag","filename":"dagbag.py","lineno":460}
{"timestamp":"2026-08-07T17:39:31.998190Z","level":"info","event":"Filling up the DagBag from /opt/airflow/dags/2_second_versioning.py","logger":"airflow.dag_processing.dagbag.BundleDagBag","filename":"dagbag.py","lineno":460}
{"timestamp":"2026-08-07T17:40:02.261925Z","level":"info","event":"Filling up the DagBag from /opt/airflow/dags/2_second_versioning.py","logger":"airflow.dag_processing.dagbag.BundleDagBag","filename":"dagbag.py","lineno":460}
{"timestamp":"2026-08-07T17:40:33.104246Z","level":"info","event":"Filling up the DagBag from /opt/airflow/dags/2_second_versioning.py","logger":"airflow.dag_processing.dagbag.BundleDagBag","filename":"dagbag.py","lineno":460}
{"timestamp":"2026-08-07T17:41:04.130451Z","level":"info","event":"Filling up the DagBag from /opt/airflow/dags/2_second_versioning.py","logger":"airflow.dag_processing.dagbag.BundleDagBag","filename":"dagbag.py","lineno":460}
{"timestamp":"2026-08-07T17:41:35.005992Z","level":"info","event":"Filling up the DagBag from /opt/airflow/dags/2_second_versioning.py","logger":"airflow.dag_processing.dagbag.BundleDagBag","filename":"dagbag.py","lineno":460}
{"timestamp":"2026-08-07T17:42:05.286005Z","level":"info","event":"Filling up the DagBag from /opt/airflow/dags/2_second_versioning.py","logger":"airflow.dag_processing.dagbag.BundleDagBag","filename":"dagbag.py","lineno":460}
{"timestamp":"2026-08-07T17:42:35.518871Z","level":"info","event":"Filling up the DagBag from /opt/airflow/dags/2_second_versioning.py","logger":"airflow.dag_processing.dagbag.BundleDagBag","filename":"dagbag.py","lineno":460}
{"timestamp":"2026-08-07T17:43:06.529197Z","level":"info","event":"Filling up the DagBag from /opt/airflow/dags/2_second_versioning.py","logger":"airflow.dag_processing.dagbag.BundleDagBag","filename":"dagbag.py","lineno":460}
{"timestamp":"2026-08-07T17:43:37.667619Z","level":"info","event":"Filling up the DagBag from /opt/airflow/dags/2_second_versioning.py","logger":"airflow.dag_processing.dagbag.BundleDagBag","filename":"dagbag.py","lineno":460}
{"timestamp":"2026-08-07T17:44:08.074936Z","level":"info","event":"Filling up the DagBag from /opt/airflow/dags/2_second_versioning.py","logger":"airflow.dag_processing.dagbag.BundleDagBag","filename":"dagbag.py","lineno":460}
{"timestamp":"2026-08-07T17:44:39.187367Z","level":"info","event":"Filling up the DagBag from /opt/airflow/dags/2_second_versioning.py","logger":"airflow.dag_processing.dagbag.BundleDagBag","filename":"dagbag.py","lineno":460}
{"timestamp":"2026-08-07T17:45:10.287436Z","level":"info","event":"Filling up the DagBag from /opt/airflow/dags/2_second_versioning.py","logger":"airflow.dag_processing.dagbag.BundleDagBag","filename":"dagbag.py","lineno":460}
{"timestamp":"2026-08-07T17:45:41.395982Z","level":"info","event":"Filling up the DagBag from /opt/airflow/dags/2_second_versioning.py","logger":"airflow.dag_processing.dagbag.BundleDagBag","filename":"dagbag.py","lineno":460}
{"timestamp":"2026-08-07T17:46:11.730227Z","level":"info","event":"Filling up the DagBag from /opt/airflow/dags/2_second_versioning.py","logger":"airflow.dag_processing.dagbag.BundleDagBag","filename":"dagbag.py","lineno":460}
{"timestamp":"2026-08-07T17:46:42.330763Z","level":"info","event":"Filling up the DagBag from /opt/airflow/dags/2_second_versioning.py","logger":"airflow.dag_processing.dagbag.BundleDagBag","filename":"dagbag.py","lineno":460}
{"timestamp":"2026-08-07T17:47:13.006141Z","level":"info","event":"Filling up the DagBag from /opt/airflow/dags/2_second_versioning.py","logger":"airflow.dag_processing.dagbag.BundleDagBag","filename":"dagbag.py","lineno":460}
{"timestamp":"2026-08-07T17:47:44.101882Z","level":"info","event":"Filling up the DagBag from /opt/airflow/dags/2_second_versioning.py","logger":"airflow.dag_processing.dagbag.BundleDagBag","filename":"dagbag.py","lineno":460}
{"timestamp":"2026-08-07T17:48:14.443380Z","level":"info","event":"Filling up the DagBag from /opt/airflow/dags/2_second_versioning.py","logger":"airflow.dag_processing.dagbag.BundleDagBag","filename":"dagbag.py","lineno":460}
{"timestamp":"2026-08-07T17:48:44.803067Z","level":"info","event":"Filling up the DagBag from /opt/airflow/dags/2_second_versioning.py","logger":"airflow.dag_processing.dagbag.BundleDagBag","filename":"dagbag.py","lineno":460}
{"timestamp":"2026-08-07T17:49:15.261799Z","level":"info","event":"Filling up the DagBag from /opt/airflow/dags/2_second_versioning.py","logger":"airflow.dag_processing.dagbag.BundleDagBag","filename":"dagbag.py","lineno":460}
{"timestamp":"2026-08-07T17:49:45.762360Z","level":"info","event":"Filling up the DagBag from /opt/airflow/dags/2_second_versioning.py","logger":"airflow.dag_processing.dagbag.BundleDagBag","filename":"dagbag.py","lineno":460}
{"timestamp":"2026-08-07T17:50:16.983293Z","level":"info","event":"Filling up the DagBag from /opt/airflow/dags/2_second_versioning.py","logger":"airflow.dag_processing.dagbag.BundleDagBag","filename":"dagbag.py","lineno":460}
{"timestamp":"2026-08-07T17:50:47.411440Z","level":"info","event":"Filling up the DagBag from /opt/airflow/dags/2_second_versioning.py","logger":"airflow.dag_processing.dagbag.BundleDagBag","filename":"dagbag.py","lineno":460}
{"timestamp":"2026-08-07T17:51:17.630503Z","level":"info","event":"Filling up the DagBag from /opt/airflow/dags/2_second_versioning.py","logger":"airflow.dag_processing.dagbag.BundleDagBag","filename":"dagbag.py","lineno":460}
{"timestamp":"2026-08-07T17:51:48.551686Z","level":"info","event":"Filling up the DagBag from /opt/airflow/dags/2_second_versioning.py","logger":"airflow.dag_processing.dagbag.BundleDagBag","filename":"dagbag.py","lineno":460}
{"timestamp":"2026-08-07T17:52:18.953924Z","level":"info","event":"Filling up the DagBag from /opt/airflow/dags/2_second_versioning.py","logger":"airflow.dag_processing.dagbag.BundleDagBag","filename":"dagbag.py","lineno":460}
{"timestamp":"2026-08-07T17:52:50.064224Z","level":"info","event":"Filling up the DagBag from /opt/airflow/dags/2_second_versioning.py","logger":"airflow.dag_processing.dagbag.BundleDagBag","filename":"dagbag.py","lineno":460}
{"timestamp":"2026-08-07T17:53:20.928157Z","level":"info","event":"Filling up the DagBag from /opt/airflow/dags/2_second_versioning.py","logger":"airflow.dag_processing.dagbag.BundleDagBag","filename":"dagbag.py","lineno":460}
{"timestamp":"2026-08-07T17:53:51.503813Z","level":"info","event":"Filling up the DagBag from /opt/airflow/dags/2_second_versioning.py","logger":"airflow.dag_processing.dagbag.BundleDagBag","filename":"dagbag.py","lineno":460}
{"timestamp":"2026-08-07T17:54:22.254963Z","level":"info","event":"Filling up the DagBag from /opt/airflow/dags/2_second_versioning.py","logger":"airflow.dag_processing.dagbag.BundleDagBag","filename":"dagbag.py","lineno":460}
{"timestamp":"2026-08-07T17:54:53.437499Z","level":"info","event":"Filling up the DagBag from /opt/airflow/dags/2_second_versioning.py","logger":"airflow.dag_processing.dagbag.BundleDagBag","filename":"dagbag.py","lineno":460}
{"timestamp":"2026-08-07T17:55:24.112855Z","level":"info","event":"Filling up the DagBag from /opt/airflow/dags/2_second_versioning.py","logger":"airflow.dag_processing.dagbag.BundleDagBag","filename":"dagbag.py","lineno":460}
{"timestamp":"2026-08-07T17:55:54.455866Z","level":"info","event":"Filling up the DagBag from /opt/airflow/dags/2_second_versioning.py","logger":"airflow.dag_processing.dagbag.BundleDagBag","filename":"dagbag.py","lineno":460}
{"timestamp":"2026-08-07T17:56:24.760147Z","level":"info","event":"Filling up the DagBag from /opt/airflow/dags/2_second_versioning.py","logger":"airflow.dag_processing.dagbag.BundleDagBag","filename":"dagbag.py","lineno":460}
{"timestamp":"2026-08-07T17:56:55.852316Z","level":"info","event":"Filling up the DagBag from /opt/airflow/dags/2_second_versioning.py","logger":"airflow.dag_processing.dagbag.BundleDagBag","filename":"dagbag.py","lineno":460}
{"timestamp":"2026-08-07T17:57:27.054533Z","level":"info","event":"Filling up the DagBag from /opt/airflow/dags/2_second_versioning.py","logger":"airflow.dag_processing.dagbag.BundleDagBag","filename":"dagbag.py","lineno":460}
{"timestamp":"2026-08-07T17:57:57.624532Z","level":"info","event":"Filling up the DagBag from /opt/airflow/dags/2_second_versioning.py","logger":"airflow.dag_processing.dagbag.BundleDagBag","filename":"dagbag.py","lineno":460}
{"timestamp":"2026-08-07T17:58:28.075649Z","level":"info","event":"Filling up the DagBag from /opt/airflow/dags/2_second_versioning.py","logger":"airflow.dag_processing.dagbag.BundleDagBag","filename":"dagbag.py","lineno":460}
{"timestamp":"2026-08-07T17:58:59.074658Z","level":"info","event":"Filling up the DagBag from /opt/airflow/dags/2_second_versioning.py","logger":"airflow.dag_processing.dagbag.BundleDagBag","filename":"dagbag.py","lineno":460}
{"timestamp":"2026-08-07T17:59:30.125898Z","level":"info","event":"Filling up the DagBag from /opt/airflow/dags/2_second_versioning.py","logger":"airflow.dag_processing.dagbag.BundleDagBag","filename":"dagbag.py","lineno":460}
{"timestamp":"2026-08-07T18:00:00.787120Z","level":"info","event":"Filling up the DagBag from /opt/airflow/dags/2_second_versioning.py","logger":"airflow.dag_processing.dagbag.BundleDagBag","filename":"dagbag.py","lineno":460}
{"timestamp":"2026-08-07T18:00:31.505919Z","level":"info","event":"Filling up the DagBag from /opt/airflow/dags/2_second_versioning.py","logger":"airflow.dag_processing.dagbag.BundleDagBag","filename":"dagbag.py","lineno":460}
{"timestamp":"2026-08-07T18:01:01.905548Z","level":"info","event":"Filling up the DagBag from /opt/airflow/dags/2_second_versioning.py","logger":"airflow.dag_processing.dagbag.BundleDagBag","filename":"dagbag.py","lineno":460}
{"timestamp":"2026-08-07T18:01:32.686395Z","level":"info","event":"Filling up the DagBag from /opt/airflow/dags/2_second_versioning.py","logger":"airflow.dag_processing.dagbag.BundleDagBag","filename":"dagbag.py","lineno":460}
{"timestamp":"2026-08-07T18:02:03.501436Z","level":"info","event":"Filling up the DagBag from /opt/airflow/dags/2_second_versioning.py","logger":"airflow.dag_processing.dagbag.BundleDagBag","filename":"dagbag.py","lineno":460}
{"timestamp":"2026-08-07T18:02:34.648169Z","level":"info","event":"Filling up the DagBag from /opt/airflow/dags/2_second_versioning.py","logger":"airflow.dag_processing.dagbag.BundleDagBag","filename":"dagbag.py","lineno":460}
{"timestamp":"2026-08-07T18:03:05.901642Z","level":"info","event":"Filling up the DagBag from /opt/airflow/dags/2_second_versioning.py","logger":"airflow.dag_processing.dagbag.BundleDagBag","filename":"dagbag.py","lineno":460}
{"timestamp":"2026-08-07T18:03:36.534473Z","level":"info","event":"Filling up the DagBag from /opt/airflow/dags/2_second_versioning.py","logger":"airflow.dag_processing.dagbag.BundleDagBag","filename":"dagbag.py","lineno":460}
{"timestamp":"2026-08-07T18:04:07.034786Z","level":"info","event":"Filling up the DagBag from /opt/airflow/dags/2_second_versioning.py","logger":"airflow.dag_processing.dagbag.BundleDagBag","filename":"dagbag.py","lineno":460}
{"timestamp":"2026-08-07T18:04:37.533372Z","level":"info","event":"Filling up the DagBag from /opt/airflow/dags/2_second_versioning.py","logger":"airflow.dag_processing.dagbag.BundleDagBag","filename":"dagbag.py","lineno":460}
{"timestamp":"2026-08-07T18:05:08.453295Z","level":"info","event":"Filling up the DagBag from /opt/airflow/dags/2_second_versioning.py","logger":"airflow.dag_processing.dagbag.BundleDagBag","filename":"dagbag.py","lineno":460}
{"timestamp":"2026-08-07T18:05:39.568329Z","level":"info","event":"Filling up the DagBag from /opt/airflow/dags/2_second_versioning.py","logger":"airflow.dag_processing.dagbag.BundleDagBag","filename":"dagbag.py","lineno":460}
{"timestamp":"2026-08-07T18:06:10.741792Z","level":"info","event":"Filling up the DagBag from /opt/airflow/dags/2_second_versioning.py","logger":"airflow.dag_processing.dagbag.BundleDagBag","filename":"dagbag.py","lineno":460}
{"timestamp":"2026-08-07T18:06:41.229639Z","level":"info","event":"Filling up the DagBag from /opt/airflow/dags/2_second_versioning.py","logger":"airflow.dag_processing.dagbag.BundleDagBag","filename":"dagbag.py","lineno":460}
{"timestamp":"2026-08-07T18:07:11.554924Z","level":"info","event":"Filling up the DagBag from /opt/airflow/dags/2_second_versioning.py","logger":"airflow.dag_processing.dagbag.BundleDagBag","filename":"dagbag.py","lineno":460}
{"timestamp":"2026-08-07T18:07:42.115014Z","level":"info","event":"Filling up the DagBag from /opt/airflow/dags/2_second_versioning.py","logger":"airflow.dag_processing.dagbag.BundleDagBag","filename":"dagbag.py","lineno":460}
{"timestamp":"2026-08-07T18:08:13.368936Z","level":"info","event":"Filling up the DagBag from /opt/airflow/dags/2_second_versioning.py","logger":"airflow.dag_processing.dagbag.BundleDagBag","filename":"dagbag.py","lineno":460}
{"timestamp":"2026-08-07T18:08:44.134200Z","level":"info","event":"Filling up the DagBag from /opt/airflow/dags/2_second_versioning.py","logger":"airflow.dag_processing.dagbag.BundleDagBag","filename":"dagbag.py","lineno":460}
{"timestamp":"2026-08-07T18:09:14.941492Z","level":"info","event":"Filling up the DagBag from /opt/airflow/dags/2_second_versioning.py","logger":"airflow.dag_processing.dagbag.BundleDagBag","filename":"dagbag.py","lineno":460}
{"timestamp":"2026-08-07T18:09:45.949358Z","level":"info","event":"Filling up the DagBag from /opt/airflow/dags/2_second_versioning.py","logger":"airflow.dag_processing.dagbag.BundleDagBag","filename":"dagbag.py","lineno":460}
{"timestamp":"2026-08-07T18:10:16.219622Z","level":"info","event":"Filling up the DagBag from /opt/airflow/dags/2_second_versioning.py","logger":"airflow.dag_processing.dagbag.BundleDagBag","filename":"dagbag.py","lineno":460}
{"timestamp":"2026-08-07T18:10:46.903848Z","level":"info","event":"Filling up the DagBag from /opt/airflow/dags/2_second_versioning.py","logger":"airflow.dag_processing.dagbag.BundleDagBag","filename":"dagbag.py","lineno":460}
{"timestamp":"2026-08-07T18:11:17.712694Z","level":"info","event":"Filling up the DagBag from /opt/airflow/dags/2_second_versioning.py","logger":"airflow.dag_processing.dagbag.BundleDagBag","filename":"dagbag.py","lineno":460}
{"timestamp":"2026-08-07T18:11:48.330839Z","level":"info","event":"Filling up the DagBag from /opt/airflow/dags/2_second_versioning.py","logger":"airflow.dag_processing.dagbag.BundleDagBag","filename":"dagbag.py","lineno":460}
{"timestamp":"2026-08-07T18:12:19.285854Z","level":"info","event":"Filling up the DagBag from /opt/airflow/dags/2_second_versioning.py","logger":"airflow.dag_processing.dagbag.BundleDagBag","filename":"dagbag.py","lineno":460}
{"timestamp":"2026-08-07T18:12:49.646219Z","level":"info","event":"Filling up the DagBag from /opt/airflow/dags/2_second_versioning.py","logger":"airflow.dag_processing.dagbag.BundleDagBag","filename":"dagbag.py","lineno":460}
{"timestamp":"2026-08-07T18:13:19.991579Z","level":"info","event":"Filling up the DagBag from /opt/airflow/dags/2_second_versioning.py","logger":"airflow.dag_processing.dagbag.BundleDagBag","filename":"dagbag.py","lineno":460}
{"timestamp":"2026-08-07T18:13:50.319301Z","level":"info","event":"Filling up the DagBag from /opt/airflow/dags/2_second_versioning.py","logger":"airflow.dag_processing.dagbag.BundleDagBag","filename":"dagbag.py","lineno":460}
{"timestamp":"2026-08-07T18:14:21.316619Z","level":"info","event":"Filling up the DagBag from /opt/airflow/dags/2_second_versioning.py","logger":"airflow.dag_processing.dagbag.BundleDagBag","filename":"dagbag.py","lineno":460}
{"timestamp":"2026-08-07T18:14:52.223311Z","level":"info","event":"Filling up the DagBag from /opt/airflow/dags/2_second_versioning.py","logger":"airflow.dag_processing.dagbag.BundleDagBag","filename":"dagbag.py","lineno":460}
{"timestamp":"2026-08-07T18:15:23.255218Z","level":"info","event":"Filling up the DagBag from /opt/airflow/dags/2_second_versioning.py","logger":"airflow.dag_processing.dagbag.BundleDagBag","filename":"dagbag.py","lineno":460}
{"timestamp":"2026-08-07T18:15:53.568431Z","level":"info","event":"Filling up the DagBag from /opt/airflow/dags/2_second_versioning.py","logger":"airflow.dag_processing.dagbag.BundleDagBag","filename":"dagbag.py","lineno":460}
{"timestamp":"2026-08-07T18:16:24.274298Z","level":"info","event":"Filling up the DagBag from /opt/airflow/dags/2_second_versioning.py","logger":"airflow.dag_processing.dagbag.BundleDagBag","filename":"dagbag.py","lineno":460}
{"timestamp":"2026-08-07T18:16:55.214405Z","level":"info","event":"Filling up the DagBag from /opt/airflow/dags/2_second_versioning.py","logger":"airflow.dag_processing.dagbag.BundleDagBag","filename":"dagbag.py","lineno":460}
{"timestamp":"2026-08-07T18:17:25.448515Z","level":"info","event":"Filling up the DagBag from /opt/airflow/dags/2_second_versioning.py","logger":"airflow.dag_processing.dagbag.BundleDagBag","filename":"dagbag.py","lineno":460}
{"timestamp":"2026-08-07T18:17:55.740772Z","level":"info","event":"Filling up the DagBag from /opt/airflow/dags/2_second_versioning.py","logger":"airflow.dag_processing.dagbag.BundleDagBag","filename":"dagbag.py","lineno":460}
{"timestamp":"2026-08-07T18:18:26.618175Z","level":"info","event":"Filling up the DagBag from /opt/airflow/dags/2_second_versioning.py","logger":"airflow.dag_processing.dagbag.BundleDagBag","filename":"dagbag.py","lineno":460}
{"timestamp":"2026-08-07T18:18:58.096176Z","level":"info","event":"Filling up the DagBag from /opt/airflow/dags/2_second_versioning.py","logger":"airflow.dag_processing.dagbag.BundleDagBag","filename":"dagbag.py","lineno":460}
{"timestamp":"2026-08-07T18:19:28.570427Z","level":"info","event":"Filling up the DagBag from /opt/airflow/dags/2_second_versioning.py","logger":"airflow.dag_processing.dagbag.BundleDagBag","filename":"dagbag.py","lineno":460}
{"timestamp":"2026-08-07T18:19:59.269966Z","level":"info","event":"Filling up the DagBag from /opt/airflow/dags/2_second_versioning.py","logger":"airflow.dag_processing.dagbag.BundleDagBag","filename":"dagbag.py","lineno":460}
{"timestamp":"2026-08-07T18:20:29.946493Z","level":"info","event":"Filling up the DagBag from /opt/airflow/dags/2_second_versioning.py","logger":"airflow.dag_processing.dagbag.BundleDagBag","filename":"dagbag.py","lineno":460}
{"timestamp":"2026-08-07T18:21:00.868539Z","level":"info","event":"Filling up the DagBag from /opt/airflow/dags/2_second_versioning.py","logger":"airflow.dag_processing.dagbag.BundleDagBag","filename":"dagbag.py","lineno":460}
{"timestamp":"2026-08-07T18:21:31.403792Z","level":"info","event":"Filling up the DagBag from /opt/airflow/dags/2_second_versioning.py","logger":"airflow.dag_processing.dagbag.BundleDagBag","filename":"dagbag.py","lineno":460}
{"timestamp":"2026-08-07T18:22:02.266170Z","level":"info","event":"Filling up the DagBag from /opt/airflow/dags/2_second_versioning.py","logger":"airflow.dag_processing.dagbag.BundleDagBag","filename":"dagbag.py","lineno":460}
{"timestamp":"2026-08-07T18:22:32.822471Z","level":"info","event":"Filling up the DagBag from /opt/airflow/dags/2_second_versioning.py","logger":"airflow.dag_processing.dagbag.BundleDagBag","filename":"dagbag.py","lineno":460}
{"timestamp":"2026-08-07T18:23:03.781547Z","level":"info","event":"Filling up the DagBag from /opt/airflow/dags/2_second_versioning.py","logger":"airflow.dag_processing.dagbag.BundleDagBag","filename":"dagbag.py","lineno":460}
{"timestamp":"2026-08-07T18:23:34.889583Z","level":"info","event":"Filling up the DagBag from /opt/airflow/dags/2_second_versioning.py","logger":"airflow.dag_processing.dagbag.BundleDagBag","filename":"dagbag.py","lineno":460}
{"timestamp":"2026-08-07T18:24:05.305117Z","level":"info","event":"Filling up the DagBag from /opt/airflow/dags/2_second_versioning.py","logger":"airflow.dag_processing.dagbag.BundleDagBag","filename":"dagbag.py","lineno":460}
{"timestamp":"2026-08-07T18:24:35.725188Z","level":"info","event":"Filling up the DagBag from /opt/airflow/dags/2_second_versioning.py","logger":"airflow.dag_processing.dagbag.BundleDagBag","filename":"dagbag.py","lineno":460}
{"timestamp":"2026-08-07T18:25:06.293347Z","level":"info","event":"Filling up the DagBag from /opt/airflow/dags/2_second_versioning.py","logger":"airflow.dag_processing.dagbag.BundleDagBag","filename":"dagbag.py","lineno":460}
{"timestamp":"2026-08-07T18:25:37.156057Z","level":"info","event":"Filling up the DagBag from /opt/airflow/dags/2_second_versioning.py","logger":"airflow.dag_processing.dagbag.BundleDagBag","filename":"dagbag.py","lineno":460}
{"timestamp":"2026-08-07T18:26:07.996278Z","level":"info","event":"Filling up the DagBag from /opt/airflow/dags/2_second_versioning.py","logger":"airflow.dag_processing.dagbag.BundleDagBag","filename":"dagbag.py","lineno":460}
{"timestamp":"2026-08-07T18:26:38.816965Z","level":"info","event":"Filling up the DagBag from /opt/airflow/dags/2_second_versioning.py","logger":"airflow.dag_processing.dagbag.BundleDagBag","filename":"dagbag.py","lineno":460}
{"timestamp":"2026-08-07T18:27:09.140081Z","level":"info","event":"Filling up the DagBag from /opt/airflow/dags/2_second_versioning.py","logger":"airflow.dag_processing.dagbag.BundleDagBag","filename":"dagbag.py","lineno":460}
{"timestamp":"2026-08-07T18:27:39.398755Z","level":"info","event":"Filling up the DagBag from /opt/airflow/dags/2_second_versioning.py","logger":"airflow.dag_processing.dagbag.BundleDagBag","filename":"dagbag.py","lineno":460}
{"timestamp":"2026-08-07T18:28:10.259519Z","level":"info","event":"Filling up the DagBag from /opt/airflow/dags/2_second_versioning.py","logger":"airflow.dag_processing.dagbag.BundleDagBag","filename":"dagbag.py","lineno":460}
{"timestamp":"2026-08-07T18:28:40.453658Z","level":"info","event":"Filling up the DagBag from /opt/airflow/dags/2_second_versioning.py","logger":"airflow.dag_processing.dagbag.BundleDagBag","filename":"dagbag.py","lineno":460}
{"timestamp":"2026-08-07T18:34:51.097138Z","level":"info","event":"Filling up the DagBag from /opt/airflow/dags/2_second_versioning.py","logger":"airflow.dag_processing.dagbag.BundleDagBag","filename":"dagbag.py","lineno":460}
{"timestamp":"2026-08-07T18:35:21.475875Z","level":"info","event":"Filling up the DagBag from /opt/airflow/dags/2_second_versioning.py","logger":"airflow.dag_processing.dagbag.BundleDagBag","filename":"dagbag.py","lineno":460}
{"timestamp":"2026-08-07T18:35:52.477635Z","level":"info","event":"Filling up the DagBag from /opt/airflow/dags/2_second_versioning.py","logger":"airflow.dag_processing.dagbag.BundleDagBag","filename":"dagbag.py","lineno":460}
{"timestamp":"2026-08-07T18:36:23.742285Z","level":"info","event":"Filling up the DagBag from /opt/airflow/dags/2_second_versioning.py","logger":"airflow.dag_processing.dagbag.BundleDagBag","filename":"dagbag.py","lineno":460}
{"timestamp":"2026-08-07T18:36:54.003764Z","level":"info","event":"Filling up the DagBag from /opt/airflow/dags/2_second_versioning.py","logger":"airflow.dag_processing.dagbag.BundleDagBag","filename":"dagbag.py","lineno":460}
{"timestamp":"2026-08-07T18:37:24.202039Z","level":"info","event":"Filling up the DagBag from /opt/airflow/dags/2_second_versioning.py","logger":"airflow.dag_processing.dagbag.BundleDagBag","filename":"dagbag.py","lineno":460}
{"timestamp":"2026-08-07T18:37:54.475223Z","level":"info","event":"Filling up the DagBag from /opt/airflow/dags/2_second_versioning.py","logger":"airflow.dag_processing.dagbag.BundleDagBag","filename":"dagbag.py","lineno":460}
{"timestamp":"2026-08-07T18:38:24.655008Z","level":"info","event":"Filling up the DagBag from /opt/airflow/dags/2_second_versioning.py","logger":"airflow.dag_processing.dagbag.BundleDagBag","filename":"dagbag.py","lineno":460}
{"timestamp":"2026-08-07T18:38:55.604019Z","level":"info","event":"Filling up the DagBag from /opt/airflow/dags/2_second_versioning.py","logger":"airflow.dag_processing.dagbag.BundleDagBag","filename":"dagbag.py","lineno":460}
{"timestamp":"2026-08-07T18:39:25.912128Z","level":"info","event":"Filling up the DagBag from /opt/airflow/dags/2_second_versioning.py","logger":"airflow.dag_processing.dagbag.BundleDagBag","filename":"dagbag.py","lineno":460}
{"timestamp":"2026-08-07T18:39:57.384968Z","level":"info","event":"Filling up the DagBag from /opt/airflow/dags/2_second_versioning.py","logger":"airflow.dag_processing.dagbag.BundleDagBag","filename":"dagbag.py","lineno":460}
{"timestamp":"2026-08-07T18:40:27.846637Z","level":"info","event":"Filling up the DagBag from /opt/airflow/dags/2_second_versioning.py","logger":"airflow.dag_processing.dagbag.BundleDagBag","filename":"dagbag.py","lineno":460}
{"timestamp":"2026-08-07T18:40:58.995687Z","level":"info","event":"Filling up the DagBag from /opt/airflow/dags/2_second_versioning.py","logger":"airflow.dag_processing.dagbag.BundleDagBag","filename":"dagbag.py","lineno":460}
{"timestamp":"2026-08-07T18:41:29.343508Z","level":"info","event":"Filling up the DagBag from /opt/airflow/dags/2_second_versioning.py","logger":"airflow.dag_processing.dagbag.BundleDagBag","filename":"dagbag.py","lineno":460}
{"timestamp":"2026-08-07T18:42:00.369849Z","level":"info","event":"Filling up the DagBag from /opt/airflow/dags/2_second_versioning.py","logger":"airflow.dag_processing.dagbag.BundleDagBag","filename":"dagbag.py","lineno":460}
{"timestamp":"2026-08-07T18:42:30.706149Z","level":"info","event":"Filling up the DagBag from /opt/airflow/dags/2_second_versioning.py","logger":"airflow.dag_processing.dagbag.BundleDagBag","filename":"dagbag.py","lineno":460}
{"timestamp":"2026-08-07T18:43:01.847997Z","level":"info","event":"Filling up the DagBag from /opt/airflow/dags/2_second_versioning.py","logger":"airflow.dag_processing.dagbag.BundleDagBag","filename":"dagbag.py","lineno":460}
{"timestamp":"2026-08-07T18:43:32.457372Z","level":"info","event":"Filling up the DagBag from /opt/airflow/dags/2_second_versioning.py","logger":"airflow.dag_processing.dagbag.BundleDagBag","filename":"dagbag.py","lineno":460}
{"timestamp":"2026-08-07T18:44:02.740319Z","level":"info","event":"Filling up the DagBag from /opt/airflow/dags/2_second_versioning.py","logger":"airflow.dag_processing.dagbag.BundleDagBag","filename":"dagbag.py","lineno":460}
{"timestamp":"2026-08-07T18:44:33.801149Z","level":"info","event":"Filling up the DagBag from /opt/airflow/dags/2_second_versioning.py","logger":"airflow.dag_processing.dagbag.BundleDagBag","filename":"dagbag.py","lineno":460}
{"timestamp":"2026-08-07T18:45:04.574639Z","level":"info","event":"Filling up the DagBag from /opt/airflow/dags/2_second_versioning.py","logger":"airflow.dag_processing.dagbag.BundleDagBag","filename":"dagbag.py","lineno":460}
{"timestamp":"2026-08-07T18:45:35.465167Z","level":"info","event":"Filling up the DagBag from /opt/airflow/dags/2_second_versioning.py","logger":"airflow.dag_processing.dagbag.BundleDagBag","filename":"dagbag.py","lineno":460}
{"timestamp":"2026-08-07T18:46:06.314918Z","level":"info","event":"Filling up the DagBag from /opt/airflow/dags/2_second_versioning.py","logger":"airflow.dag_processing.dagbag.BundleDagBag","filename":"dagbag.py","lineno":460}
{"timestamp":"2026-08-07T18:46:37.098144Z","level":"info","event":"Filling up the DagBag from /opt/airflow/dags/2_second_versioning.py","logger":"airflow.dag_processing.dagbag.BundleDagBag","filename":"dagbag.py","lineno":460}
{"timestamp":"2026-08-07T18:47:07.528563Z","level":"info","event":"Filling up the DagBag from /opt/airflow/dags/2_second_versioning.py","logger":"airflow.dag_processing.dagbag.BundleDagBag","filename":"dagbag.py","lineno":460}
{"timestamp":"2026-08-07T18:47:38.607465Z","level":"info","event":"Filling up the DagBag from /opt/airflow/dags/2_second_versioning.py","logger":"airflow.dag_processing.dagbag.BundleDagBag","filename":"dagbag.py","lineno":460}
{"timestamp":"2026-08-07T18:48:09.452914Z","level":"info","event":"Filling up the DagBag from /opt/airflow/dags/2_second_versioning.py","logger":"airflow.dag_processing.dagbag.BundleDagBag","filename":"dagbag.py","lineno":460}
{"timestamp":"2026-08-07T18:48:40.328926Z","level":"info","event":"Filling up the DagBag from /opt/airflow/dags/2_second_versioning.py","logger":"airflow.dag_processing.dagbag.BundleDagBag","filename":"dagbag.py","lineno":460}
{"timestamp":"2026-08-07T18:49:11.252020Z","level":"info","event":"Filling up the DagBag from /opt/airflow/dags/2_second_versioning.py","logger":"airflow.dag_processing.dagbag.BundleDagBag","filename":"dagbag.py","lineno":460}
{"timestamp":"2026-08-07T18:49:41.478102Z","level":"info","event":"Filling up the DagBag from /opt/airflow/dags/2_second_versioning.py","logger":"airflow.dag_processing.dagbag.BundleDagBag","filename":"dagbag.py","lineno":460}
{"timestamp":"2026-08-07T18:50:11.833129Z","level":"info","event":"Filling up the DagBag from /opt/airflow/dags/2_second_versioning.py","logger":"airflow.dag_processing.dagbag.BundleDagBag","filename":"dagbag.py","lineno":460}
{"timestamp":"2026-08-07T18:50:42.276333Z","level":"info","event":"Filling up the DagBag from /opt/airflow/dags/2_second_versioning.py","logger":"airflow.dag_processing.dagbag.BundleDagBag","filename":"dagbag.py","lineno":460}
{"timestamp":"2026-08-07T18:51:13.043843Z","level":"info","event":"Filling up the DagBag from /opt/airflow/dags/2_second_versioning.py","logger":"airflow.dag_processing.dagbag.BundleDagBag","filename":"dagbag.py","lineno":460}
{"timestamp":"2026-08-07T18:51:43.382358Z","level":"info","event":"Filling up the DagBag from /opt/airflow/dags/2_second_versioning.py","logger":"airflow.dag_processing.dagbag.BundleDagBag","filename":"dagbag.py","lineno":460}
{"timestamp":"2026-08-07T18:52:13.756658Z","level":"info","event":"Filling up the DagBag from /opt/airflow/dags/2_second_versioning.py","logger":"airflow.dag_processing.dagbag.BundleDagBag","filename":"dagbag.py","lineno":460}
{"timestamp":"2026-08-07T18:52:44.650947Z","level":"info","event":"Filling up the DagBag from /opt/airflow/dags/2_second_versioning.py","logger":"airflow.dag_processing.dagbag.BundleDagBag","filename":"dagbag.py","lineno":460}
{"timestamp":"2026-08-07T19:01:54.415820Z","level":"info","event":"Filling up the DagBag from /opt/airflow/dags/2_second_versioning.py","logger":"airflow.dag_processing.dagbag.BundleDagBag","filename":"dagbag.py","lineno":460}
{"timestamp":"2026-08-07T19:02:25.387191Z","level":"info","event":"Filling up the DagBag from /opt/airflow/dags/2_second_versioning.py","logger":"airflow.dag_processing.dagbag.BundleDagBag","filename":"dagbag.py","lineno":460}
{"timestamp":"2026-08-07T19:02:56.695046Z","level":"info","event":"Filling up the DagBag from /opt/airflow/dags/2_second_versioning.py","logger":"airflow.dag_processing.dagbag.BundleDagBag","filename":"dagbag.py","lineno":460}
{"timestamp":"2026-08-07T19:03:27.060359Z","level":"info","event":"Filling up the DagBag from /opt/airflow/dags/2_second_versioning.py","logger":"airflow.dag_processing.dagbag.BundleDagBag","filename":"dagbag.py","lineno":460}
{"timestamp":"2026-08-07T19:03:57.989159Z","level":"info","event":"Filling up the DagBag from /opt/airflow/dags/2_second_versioning.py","logger":"airflow.dag_processing.dagbag.BundleDagBag","filename":"dagbag.py","lineno":460}
{"timestamp":"2026-08-07T19:04:28.468933Z","level":"info","event":"Filling up the DagBag from /opt/airflow/dags/2_second_versioning.py","logger":"airflow.dag_processing.dagbag.BundleDagBag","filename":"dagbag.py","lineno":460}
{"timestamp":"2026-08-07T19:04:58.983040Z","level":"info","event":"Filling up the DagBag from /opt/airflow/dags/2_second_versioning.py","logger":"airflow.dag_processing.dagbag.BundleDagBag","filename":"dagbag.py","lineno":460}
{"timestamp":"2026-08-07T19:05:30.063889Z","level":"info","event":"Filling up the DagBag from /opt/airflow/dags/2_second_versioning.py","logger":"airflow.dag_processing.dagbag.BundleDagBag","filename":"dagbag.py","lineno":460}
{"timestamp":"2026-08-07T19:06:01.014349Z","level":"info","event":"Filling up the DagBag from /opt/airflow/dags/2_second_versioning.py","logger":"airflow.dag_processing.dagbag.BundleDagBag","filename":"dagbag.py","lineno":460}
{"timestamp":"2026-08-07T19:06:31.361573Z","level":"info","event":"Filling up the DagBag from /opt/airflow/dags/2_second_versioning.py","logger":"airflow.dag_processing.dagbag.BundleDagBag","filename":"dagbag.py","lineno":460}
{"timestamp":"2026-08-07T19:07:02.197178Z","level":"info","event":"Filling up the DagBag from /opt/airflow/dags/2_second_versioning.py","logger":"airflow.dag_processing.dagbag.BundleDagBag","filename":"dagbag.py","lineno":460}
{"timestamp":"2026-08-07T19:07:32.892423Z","level":"info","event":"Filling up the DagBag from /opt/airflow/dags/2_second_versioning.py","logger":"airflow.dag_processing.dagbag.BundleDagBag","filename":"dagbag.py","lineno":460}
{"timestamp":"2026-08-07T19:08:03.600550Z","level":"info","event":"Filling up the DagBag from /opt/airflow/dags/2_second_versioning.py","logger":"airflow.dag_processing.dagbag.BundleDagBag","filename":"dagbag.py","lineno":460}
{"timestamp":"2026-08-07T19:08:34.437789Z","level":"info","event":"Filling up the DagBag from /opt/airflow/dags/2_second_versioning.py","logger":"airflow.dag_processing.dagbag.BundleDagBag","filename":"dagbag.py","lineno":460}
{"timestamp":"2026-08-07T19:09:05.402058Z","level":"info","event":"Filling up the DagBag from /opt/airflow/dags/2_second_versioning.py","logger":"airflow.dag_processing.dagbag.BundleDagBag","filename":"dagbag.py","lineno":460}
{"timestamp":"2026-08-07T19:09:36.234892Z","level":"info","event":"Filling up the DagBag from /opt/airflow/dags/2_second_versioning.py","logger":"airflow.dag_processing.dagbag.BundleDagBag","filename":"dagbag.py","lineno":460}
{"timestamp":"2026-08-07T19:10:06.508634Z","level":"info","event":"Filling up the DagBag from /opt/airflow/dags/2_second_versioning.py","logger":"airflow.dag_processing.dagbag.BundleDagBag","filename":"dagbag.py","lineno":460}
